,year,country,mm_ratio,region,income,income_rank,attened_births_perc,total_health_spending_pp,gov_share_thspp,total_fertility,median_age
0,1980,Afghanistan,1640.0,West Asia,,,,,,7.45,17.0
1,1980,Albania,57.7,East Europe,,,,,,3.62,21.4
2,1980,Algeria,396.0,North Africa,,,,,,6.79,16.7
3,1980,Angola,1310.0,Sub-Saharan Africa,,,,,,7.5,16.2
4,1980,Argentina,80.4,South America,,,,,,3.33,27.3
5,1980,Armenia,31.0,East Europe,,,,,,2.39,23.5
6,1980,Australia,8.6,East Asia and Pacific,,,,,,1.9,29.3
7,1980,Austria,13.9,West Europe,,,,,,1.65,35.0
8,1980,Azerbaijan,70.6,East Europe,,,,,,3.5,20.9
9,1980,Bahamas,120.0,North America,,,,,,2.99,20.2
10,1980,Bahrain,132.0,West Asia,,,,,,4.92,22.3
11,1980,Bangladesh,1330.0,West Asia,,,,,,6.36,17.3
12,1980,Barbados,99.3,North America,,,,,,2.0,24.3
13,1980,Belarus,29.6,East Europe,,,,,,2.08,31.4
14,1980,Belgium,12.7,West Europe,,,,,,1.63,34.3
15,1980,Belize,120.0,North America,,,,,,5.85,16.4
16,1980,Benin,829.0,Sub-Saharan Africa,,,,,,7.03,17.7
17,1980,Bhutan,2120.0,West Asia,,,,,,6.55,18.2
18,1980,Bolivia,547.0,South America,,,,,,5.52,18.7
19,1980,Bosnia and Herzegovina,58.3,East Europe,,,,,,2.12,25.4
20,1980,Botswana,424.0,Sub-Saharan Africa,,,,,,6.21,16.6
21,1980,Brazil,149.0,South America,,,,,,4.07,20.3
22,1980,Brunei,77.1,East Asia and Pacific,,,,,,4.25,20.2
23,1980,Bulgaria,36.4,East Europe,,,,,,2.11,34.2
24,1980,Burkina Faso,541.0,Sub-Saharan Africa,,,,,,7.13,17.1
25,1980,Burundi,776.0,Sub-Saharan Africa,,,,,,7.42,17.6
26,1980,Cambodia,499.0,East Asia and Pacific,,,,,,5.87,19.1
27,1980,Cameroon,810.0,Sub-Saharan Africa,,,,,,6.63,17.7
28,1980,Canada,7.5,North America,,,,,,1.67,29.2
29,1980,Cape Verde,528.0,Sub-Saharan Africa,,,,,,6.38,16.0
30,1980,Central African Republic,990.0,Sub-Saharan Africa,,,,,,5.95,18.9
31,1980,Chad,978.0,Sub-Saharan Africa,,,,,,6.96,17.5
32,1980,Chile,70.3,South America,,,,,,2.78,22.8
33,1980,China,165.0,East Asia and Pacific,,,,,,2.32,21.9
34,1980,Colombia,115.0,South America,,,,,,3.97,18.9
35,1980,Comoros,699.0,Sub-Saharan Africa,,,,,,7.13,17.5
36,1980,"Congo, Dem. Rep.",498.0,Sub-Saharan Africa,,,,,,6.59,17.7
37,1980,"Congo, Rep.",897.0,Sub-Saharan Africa,,,,,,6.21,17.5
38,1980,Costa Rica,39.2,North America,,,,,,3.59,20.6
39,1980,Cote d'Ivoire,590.0,Sub-Saharan Africa,,,,,,7.6,17.4
40,1980,Croatia,20.8,East Europe,,,,,,2.0,33.5
41,1980,Cuba,62.3,North America,,,,,,1.89,23.9
42,1980,Cyprus,148.0,West Europe,,,,,,2.35,28.3
43,1980,Czech Republic,20.2,East Europe,,,,,,2.18,32.9
44,1980,Denmark,7.3,West Europe,,,,,,1.55,34.3
45,1980,Djibouti,641.0,North Africa,,,,,,6.44,16.5
46,1980,Dominican Republic,127.0,North America,,,,,,4.42,18.1
47,1980,Ecuador,288.0,South America,,,,,,4.73,18.8
48,1980,Egypt,352.0,North Africa,,,,,,5.6,19.4
49,1980,El Salvador,217.0,North America,,,,,,5.1,17.9
50,1980,Equatorial Guinea,663.0,Sub-Saharan Africa,,,,,,5.84,20.5
51,1980,Eritrea,1440.0,Sub-Saharan Africa,,,,,,6.68,17.8
52,1980,Estonia,34.4,East Europe,,,,,,2.06,33.9
53,1980,Ethiopia,1060.0,Sub-Saharan Africa,,,,,,7.32,17.6
54,1980,Fiji,178.0,East Asia and Pacific,,,,,,3.91,19.5
55,1980,Finland,7.2,East Europe,,,,,,1.63,32.8
56,1980,France,19.0,West Europe,,,,,,1.84,32.6
57,1980,Gabon,403.0,Sub-Saharan Africa,,,,,,5.69,21.6
58,1980,Gambia,898.0,Sub-Saharan Africa,,,,,,6.34,17.8
59,1980,Georgia,39.9,East Europe,,,,,,2.31,29.1
60,1980,Germany,20.5,West Europe,,,,,,1.47,36.5
61,1980,Ghana,731.0,Sub-Saharan Africa,,,,,,6.54,17.0
62,1980,Greece,17.8,West Europe,,,,,,2.27,33.1
63,1980,Grenada,155.0,North America,,,,,,4.25,18.8
64,1980,Guatemala,189.0,North America,,,,,,6.34,16.8
65,1980,Guinea,1140.0,Sub-Saharan Africa,,,,,,6.53,19.1
66,1980,Guinea-Bissau,1160.0,Sub-Saharan Africa,,,,,,6.49,18.4
67,1980,Guyana,216.0,South America,,,,,,3.82,18.2
68,1980,Haiti,1120.0,North America,,,,,,6.06,19.1
69,1980,Honduras,174.0,North America,,,,,,6.31,16.2
70,1980,Hungary,21.8,East Europe,,,,,,2.04,34.4
71,1980,Iceland,11.4,West Europe,,,,,,2.31,26.9
72,1980,India,678.0,West Asia,,,,,,4.83,20.2
73,1980,Indonesia,423.0,East Asia and Pacific,,,,,,4.43,19.1
74,1980,Iran,101.0,West Asia,,,,,,6.48,18.1
75,1980,Iraq,241.0,West Asia,,,,,,6.57,16.6
76,1980,Ireland,10.6,West Europe,,,,,,3.0,26.2
77,1980,Israel,8.6,West Asia,,,,,,3.28,25.0
78,1980,Italy,13.8,West Europe,,,,,,1.69,34.1
79,1980,Jamaica,82.3,North America,,,,,,3.73,19.5
80,1980,Japan,19.6,East Asia and Pacific,,,,,,1.78,32.5
81,1980,Jordan,214.0,West Asia,,,,,,7.26,15.5
82,1980,Kazakhstan,61.7,West Asia,,,,,,3.11,23.5
83,1980,Kenya,494.0,Sub-Saharan Africa,,,,,,7.46,15.0
84,1980,Kuwait,51.2,West Asia,,,,,,5.32,20.5
85,1980,Kyrgyz Republic,70.9,West Asia,,,,,,4.37,20.9
86,1980,Lao,1780.0,East Asia and Pacific,,,,,,6.28,17.7
87,1980,Latvia,36.8,East Europe,,,,,,1.94,35.1
88,1980,Lebanon,124.0,West Asia,,,,,,4.0,19.9
89,1980,Lesotho,588.0,Sub-Saharan Africa,,,,,,5.59,17.6
90,1980,Liberia,645.0,Sub-Saharan Africa,,,,,,6.97,17.5
91,1980,Libya,148.0,North Africa,,,,,,7.22,16.1
92,1980,Lithuania,32.6,East Europe,,,,,,2.06,32.0
93,1980,Luxembourg,8.8,West Europe,,,,,,1.46,35.0
94,1980,"Macedonia, FYR",28.3,East Europe,,,,,,2.49,25.9
95,1980,Madagascar,490.0,Sub-Saharan Africa,,,,,,6.73,16.8
96,1980,Malawi,632.0,Sub-Saharan Africa,,,,,,7.64,16.3
97,1980,Malaysia,137.0,East Asia and Pacific,,,,,,4.07,19.5
98,1980,Maldives,1060.0,West Asia,,,,,,7.08,17.1
99,1980,Mali,1130.0,Sub-Saharan Africa,,,,,,7.15,17.9
100,1980,Malta,21.1,West Europe,,,,,,2.03,30.9
101,1980,Mauritania,1490.0,Sub-Saharan Africa,,,,,,6.46,17.1
102,1980,Mauritius,122.0,Sub-Saharan Africa,,,,,,2.67,21.5
103,1980,Mexico,124.0,North America,,,,,,4.84,17.2
104,1980,"Micronesia, Fed. Sts.",378.0,East Asia and Pacific,,,,,,6.22,16.3
105,1980,Moldova,58.3,East Europe,,,,,,2.48,27.7
106,1980,Mongolia,959.0,East Asia and Pacific,,,,,,6.21,17.8
107,1980,Montenegro,79.1,East Europe,,,,,,2.24,26.7
108,1980,Morocco,601.0,North Africa,,,,,,5.68,17.8
109,1980,Mozambique,411.0,Sub-Saharan Africa,,,,,,6.46,17.8
110,1980,Myanmar,1050.0,East Asia and Pacific,,,,,,4.92,19.3
111,1980,Namibia,397.0,Sub-Saharan Africa,,,,,,6.45,16.6
112,1980,Nepal,865.0,West Asia,,,,,,5.73,19.3
113,1980,Netherlands,9.5,West Europe,,,,,,1.6,31.3
114,1980,New Zealand,12.4,East Asia and Pacific,,,,,,2.15,27.9
115,1980,Nicaragua,145.0,North America,,,,,,6.13,16.4
116,1980,Niger,1080.0,Sub-Saharan Africa,,,,,,7.84,16.0
117,1980,Nigeria,516.0,Sub-Saharan Africa,,,,,,6.78,18.0
118,1980,North Korea,130.0,East Asia and Pacific,,,,,,2.77,21.8
119,1980,Norway,7.2,West Europe,,,,,,1.72,33.3
120,1980,Oman,174.0,West Asia,,,,,,8.3,17.6
121,1980,Pakistan,746.0,West Asia,,,,,,6.54,18.5
122,1980,Palestine,181.0,West Asia,,,,,,7.28,15.1
123,1980,Panama,79.6,North America,,,,,,3.88,19.1
124,1980,Papua New Guinea,585.0,East Asia and Pacific,,,,,,5.69,18.0
125,1980,Paraguay,185.0,South America,,,,,,5.17,18.4
126,1980,Peru,268.0,South America,,,,,,5.02,18.5
127,1980,Philippines,443.0,East Asia and Pacific,,,,,,5.18,18.1
128,1980,Poland,22.1,West Europe,,,,,,2.28,29.5
129,1980,Portugal,28.5,West Europe,,,,,,2.29,30.7
130,1980,Qatar,52.0,West Asia,,,,,,5.81,23.4
131,1980,Romania,139.0,East Europe,,,,,,2.4,30.4
132,1980,Russia,59.7,East Europe,,,,,,1.86,31.4
133,1980,Rwanda,755.0,Sub-Saharan Africa,,,,,,8.46,16.0
134,1980,Samoa,246.0,East Asia and Pacific,,,,,,6.2,16.4
135,1980,Sao Tome and Principe,607.0,Sub-Saharan Africa,,,,,,6.39,16.3
136,1980,Saudi Arabia,135.0,West Asia,,,,,,7.21,18.4
137,1980,Senegal,670.0,Sub-Saharan Africa,,,,,,7.31,16.8
138,1980,Serbia,15.0,East Europe,,,,,,2.35,30.9
139,1980,Sierra Leone,1240.0,Sub-Saharan Africa,,,,,,6.69,18.5
140,1980,Singapore,17.9,East Asia and Pacific,,,,,,1.82,24.5
141,1980,Slovak Republic,19.0,East Europe,,,,,,2.37,28.8
142,1980,Slovenia,30.5,East Europe,,,,,,2.06,31.6
143,1980,Solomon Islands,719.0,East Asia and Pacific,,,,,,6.75,16.3
144,1980,Somalia,1060.0,Sub-Saharan Africa,,,,,,7.01,18.1
145,1980,South Africa,208.0,Sub-Saharan Africa,,,,,,4.84,19.3
146,1980,South Korea,45.2,East Asia and Pacific,,,,,,2.54,22.1
147,1980,Spain,18.4,West Europe,,,,,,2.22,30.4
148,1980,Sri Lanka,91.9,West Asia,,,,,,3.41,21.7
149,1980,St. Lucia,163.0,North America,,,,,,4.7,17.5
150,1980,St. Vincent and the Grenadines,174.0,North America,,,,,,3.99,17.4
151,1980,Sudan,639.0,Sub-Saharan Africa,,,,,,6.8,16.4
152,1980,Suriname,175.0,South America,,,,,,3.92,18.9
153,1980,Swaziland,559.0,Sub-Saharan Africa,,,,,,6.65,15.6
154,1980,Sweden,5.8,West Europe,,,,,,1.68,36.3
155,1980,Switzerland,8.6,West Europe,,,,,,1.51,34.6
156,1980,Syria,251.0,West Asia,,,,,,7.09,15.5
157,1980,Tajikistan,128.0,West Asia,,,,,,5.69,18.2
158,1980,Tanzania,603.0,Sub-Saharan Africa,,,,,,6.65,16.6
159,1980,Thailand,115.0,East Asia and Pacific,,,,,,3.39,19.7
160,1980,Timor-Leste,1450.0,East Asia and Pacific,,,,,,4.77,19.3
161,1980,Togo,600.0,Sub-Saharan Africa,,,,,,7.21,16.8
162,1980,Tonga,359.0,East Asia and Pacific,,,,,,5.55,18.3
163,1980,Trinidad and Tobago,68.1,North America,,,,,,3.28,21.7
164,1980,Tunisia,294.0,North Africa,,,,,,5.24,18.6
165,1980,Turkey,251.0,East Europe,,,,,,4.41,20.0
166,1980,Turkmenistan,76.7,West Asia,,,,,,5.17,18.7
167,1980,Uganda,435.0,Sub-Saharan Africa,,,,,,7.1,16.2
168,1980,Ukraine,43.6,East Europe,,,,,,1.99,33.5
169,1980,United Arab Emirates,41.1,West Asia,,,,,,5.51,26.2
170,1980,United Kingdom,10.3,West Europe,,,,,,1.73,34.4
171,1980,United States,12.2,North America,,,,,,1.82,30.0
172,1980,Uruguay,54.9,South America,,,,,,2.73,30.1
173,1980,Uzbekistan,72.1,West Asia,,,,,,5.11,18.9
174,1980,Vanuatu,509.0,East Asia and Pacific,,,,,,5.58,17.5
175,1980,Venezuela,73.9,South America,,,,,,4.2,18.7
176,1980,Vietnam,336.0,East Asia and Pacific,,,,,,5.05,19.1
177,1980,Yemen,808.0,West Asia,,,,,,8.75,15.2
178,1980,Zambia,599.0,Sub-Saharan Africa,,,,,,7.09,16.1
179,1980,Zimbabwe,219.0,Sub-Saharan Africa,,,,,,7.1,15.4
180,1990,Afghanistan,1200.0,West Asia,Low,1.0,,,,7.47,15.9
181,1990,Albania,31.0,East Europe,Lower middle,2.0,93.0,,,2.98,24.1
182,1990,Algeria,160.0,North Africa,Lower middle,2.0,,,,4.73,18.0
183,1990,Angola,1400.0,Sub-Saharan Africa,Lower middle,2.0,,,,7.25,15.8
184,1990,Argentina,71.0,South America,Lower middle,2.0,96.9,,,2.99,27.2
185,1990,Armenia,47.0,East Europe,,,99.7,,,2.54,27.2
186,1990,Australia,7.0,East Asia and Pacific,High,4.0,,,,1.88,32.1
187,1990,Austria,10.0,West Europe,High,4.0,,,,1.46,36.5
188,1990,Azerbaijan,60.0,East Europe,,,97.3,,,3.09,24.1
189,1990,Bahamas,43.0,North America,High,4.0,99.0,,,2.64,23.6
190,1990,Bahrain,21.0,West Asia,Upper middle,3.0,,,,3.74,25.4
191,1990,Bangladesh,550.0,West Asia,Low,1.0,,,,4.55,18.6
192,1990,Barbados,120.0,North America,Upper middle,3.0,,,,1.74,28.3
193,1990,Belarus,37.0,East Europe,,,99.9,,,1.9,33.1
194,1990,Belgium,10.0,West Europe,High,4.0,,,,1.58,36.5
195,1990,Belize,75.0,North America,Lower middle,2.0,,,,4.51,17.9
196,1990,Benin,600.0,Sub-Saharan Africa,Low,1.0,,,,6.74,17.1
197,1990,Bhutan,900.0,West Asia,Low,1.0,,,,5.64,17.9
198,1990,Bolivia,510.0,South America,Lower middle,2.0,,,,4.91,19.1
199,1990,Bosnia and Herzegovina,19.0,East Europe,,,97.0,,,1.77,29.8
200,1990,Botswana,360.0,Sub-Saharan Africa,Lower middle,2.0,,,,4.54,17.5
201,1990,Brazil,120.0,South America,Upper middle,3.0,,,,2.81,22.4
202,1990,Brunei,26.0,East Asia and Pacific,High,4.0,,,,3.53,23.2
203,1990,Bulgaria,24.0,East Europe,Lower middle,2.0,99.1,,,1.77,36.5
204,1990,Burkina Faso,770.0,Sub-Saharan Africa,Low,1.0,,,,7.01,16.3
205,1990,Burundi,1300.0,Sub-Saharan Africa,Low,1.0,,,,7.51,16.4
206,1990,Cambodia,1200.0,East Asia and Pacific,Low,1.0,,,,5.6,17.9
207,1990,Cameroon,720.0,Sub-Saharan Africa,Lower middle,2.0,,,,6.44,16.8
208,1990,Canada,6.0,North America,High,4.0,,,,1.66,32.9
209,1990,Cape Verde,230.0,Sub-Saharan Africa,Lower middle,2.0,,,,5.31,16.9
210,1990,Central African Republic,1200.0,Sub-Saharan Africa,Low,1.0,,,,5.81,18.4
211,1990,Chad,1700.0,Sub-Saharan Africa,Low,1.0,,,,7.31,16.3
212,1990,Chile,55.0,South America,Lower middle,2.0,,,,2.55,25.6
213,1990,China,97.0,East Asia and Pacific,Low,1.0,94.0,,,2.35,24.9
214,1990,Colombia,100.0,South America,Lower middle,2.0,80.6,,,2.99,21.6
215,1990,Comoros,630.0,Sub-Saharan Africa,Low,1.0,,,,5.57,17.0
216,1990,"Congo, Dem. Rep.",1000.0,Sub-Saharan Africa,Low,1.0,,,,7.13,17.4
217,1990,"Congo, Rep.",670.0,Sub-Saharan Africa,Lower middle,2.0,,,,5.35,17.9
218,1990,Costa Rica,38.0,North America,Lower middle,2.0,,,,3.17,23.1
219,1990,Cote d'Ivoire,740.0,Sub-Saharan Africa,Lower middle,2.0,,,,6.5,17.5
220,1990,Croatia,8.0,East Europe,,,99.8,,,1.67,35.8
221,1990,Cuba,63.0,North America,Lower middle,2.0,99.8,,,1.75,27.7
222,1990,Cyprus,18.0,West Europe,High,4.0,100.0,,,2.41,29.9
223,1990,Czech Republic,15.0,East Europe,,,100.0,,,1.8,35.3
224,1990,Denmark,9.0,West Europe,High,4.0,,,,1.67,37.1
225,1990,Djibouti,400.0,North Africa,Lower middle,2.0,,,,6.09,17.4
226,1990,Dominican Republic,240.0,North America,Lower middle,2.0,,,,3.47,20.2
227,1990,Ecuador,160.0,South America,Lower middle,2.0,,,,3.77,20.5
228,1990,Egypt,120.0,North Africa,Low,1.0,,,,4.66,19.6
229,1990,El Salvador,110.0,North America,Lower middle,2.0,,,,3.96,19.7
230,1990,Equatorial Guinea,1600.0,Sub-Saharan Africa,Low,1.0,,,,5.99,19.1
231,1990,Eritrea,1700.0,Sub-Saharan Africa,,,,,,6.39,17.5
232,1990,Estonia,48.0,East Europe,,,,,,1.94,34.4
233,1990,Ethiopia,1400.0,Sub-Saharan Africa,Low,1.0,,,,7.25,16.8
234,1990,Fiji,89.0,East Asia and Pacific,Lower middle,2.0,95.3,,,3.4,20.9
235,1990,Finland,6.0,East Europe,High,4.0,98.8,,,1.79,36.4
236,1990,France,12.0,West Europe,High,4.0,,,,1.75,35.0
237,1990,Gabon,380.0,Sub-Saharan Africa,Upper middle,3.0,,,,5.42,19.4
238,1990,Gambia,710.0,Sub-Saharan Africa,Low,1.0,44.1,,,6.11,17.0
239,1990,Georgia,50.0,East Europe,,,96.6,,,2.18,31.0
240,1990,Germany,13.0,West Europe,High,4.0,,,,1.36,37.6
241,1990,Ghana,760.0,Sub-Saharan Africa,Low,1.0,,,,5.6,17.8
242,1990,Greece,6.0,West Europe,Upper middle,3.0,,,,1.47,35.1
243,1990,Grenada,34.0,North America,Lower middle,2.0,,,,3.84,20.4
244,1990,Guatemala,270.0,North America,Lower middle,2.0,,,,5.44,16.9
245,1990,Guinea,1100.0,Sub-Saharan Africa,Low,1.0,,,,6.6,18.2
246,1990,Guinea-Bissau,930.0,Sub-Saharan Africa,Low,1.0,,,,6.63,16.9
247,1990,Guyana,210.0,South America,Low,1.0,,,,3.07,21.1
248,1990,Haiti,670.0,North America,Low,1.0,,,,5.43,18.5
249,1990,Honduras,290.0,North America,Low,1.0,,,,5.14,16.9
250,1990,Hungary,23.0,East Europe,Upper middle,3.0,99.4,,,1.81,36.4
251,1990,Iceland,7.0,West Europe,High,4.0,,,,2.16,30.0
252,1990,India,560.0,West Asia,Low,1.0,,,,4.05,21.1
253,1990,Indonesia,430.0,East Asia and Pacific,Low,1.0,40.7,,,3.12,21.3
254,1990,Iran,83.0,West Asia,Lower middle,2.0,,,,4.82,17.2
255,1990,Iraq,110.0,West Asia,Upper middle,3.0,,,,5.88,16.8
256,1990,Ireland,6.0,West Europe,High,4.0,,,,2.0,28.3
257,1990,Israel,12.0,West Asia,High,4.0,,,,3.0,25.9
258,1990,Italy,10.0,West Europe,High,4.0,,,,1.3,37.0
259,1990,Jamaica,98.0,North America,Lower middle,2.0,,,,2.95,22.3
260,1990,Japan,14.0,East Asia and Pacific,High,4.0,99.9,,,1.56,37.3
261,1990,Jordan,86.0,West Asia,Lower middle,2.0,87.2,,,5.49,16.8
262,1990,Kazakhstan,91.0,West Asia,,,99.0,,,2.83,26.0
263,1990,Kenya,490.0,Sub-Saharan Africa,Low,1.0,,,,6.07,15.5
264,1990,Kuwait,12.0,West Asia,High,4.0,,,,2.97,23.5
265,1990,Kyrgyz Republic,85.0,West Asia,,,98.9,,,3.89,21.8
266,1990,Lao,1100.0,East Asia and Pacific,Low,1.0,,,,6.15,17.6
267,1990,Latvia,57.0,East Europe,,,100.0,,,1.94,34.7
268,1990,Lebanon,64.0,West Asia,Lower middle,2.0,,,,3.0,23.2
269,1990,Lesotho,720.0,Sub-Saharan Africa,Low,1.0,,,,4.92,17.7
270,1990,Liberia,1200.0,Sub-Saharan Africa,Low,1.0,,,,6.5,17.4
271,1990,Libya,31.0,North Africa,Upper middle,3.0,,,,4.97,18.5
272,1990,Lithuania,34.0,East Europe,,,100.0,,,1.96,32.7
273,1990,Luxembourg,6.0,West Europe,High,4.0,,,,1.56,36.4
274,1990,"Macedonia, FYR",15.0,East Europe,,,88.9,,,2.21,29.2
275,1990,Madagascar,740.0,Sub-Saharan Africa,Low,1.0,,,,6.18,17.1
276,1990,Malawi,1100.0,Sub-Saharan Africa,Low,1.0,,,,6.92,17.1
277,1990,Malaysia,56.0,East Asia and Pacific,Lower middle,2.0,92.8,,,3.55,21.6
278,1990,Maldives,430.0,West Asia,Low,1.0,,,,5.99,16.2
279,1990,Mali,1100.0,Sub-Saharan Africa,Low,1.0,,,,7.17,16.5
280,1990,Malta,12.0,West Europe,Upper middle,3.0,,,,2.03,33.1
281,1990,Mauritania,630.0,Sub-Saharan Africa,Low,1.0,,,,6.04,17.4
282,1990,Mauritius,70.0,Sub-Saharan Africa,Lower middle,2.0,91.1,,,2.29,24.9
283,1990,Mexico,88.0,North America,Upper middle,3.0,83.8,,,3.47,19.5
284,1990,"Micronesia, Fed. Sts.",170.0,East Asia and Pacific,,,,,,4.96,17.6
285,1990,Moldova,61.0,East Europe,,,100.0,,,2.41,29.9
286,1990,Mongolia,100.0,East Asia and Pacific,Lower middle,2.0,,,,4.05,19.3
287,1990,Montenegro,8.0,East Europe,,,,,,2.08,29.8
288,1990,Morocco,310.0,North Africa,Lower middle,2.0,,,,4.06,19.8
289,1990,Mozambique,1300.0,Sub-Saharan Africa,Low,1.0,,,,6.21,16.2
290,1990,Myanmar,580.0,East Asia and Pacific,Low,1.0,,,,3.46,20.8
291,1990,Namibia,320.0,Sub-Saharan Africa,Lower middle,2.0,,,,5.23,17.8
292,1990,Nepal,790.0,West Asia,Low,1.0,,,,5.17,18.7
293,1990,Netherlands,11.0,West Europe,High,4.0,,,,1.62,34.6
294,1990,New Zealand,18.0,East Asia and Pacific,High,4.0,,,,2.4,31.1
295,1990,Nicaragua,170.0,North America,Lower middle,2.0,,,,4.6,16.9
296,1990,Niger,1000.0,Sub-Saharan Africa,Low,1.0,,,,7.77,15.8
297,1990,Nigeria,1200.0,Sub-Saharan Africa,Low,1.0,30.8,,,6.49,17.4
298,1990,North Korea,85.0,East Asia and Pacific,Lower middle,2.0,,,,2.29,25.0
299,1990,Norway,9.0,West Europe,High,4.0,99.4,,,1.93,35.4
300,1990,Oman,48.0,West Asia,Upper middle,3.0,,,,7.17,17.9
301,1990,Pakistan,400.0,West Asia,Low,1.0,,,,6.02,18.5
302,1990,Palestine,96.0,West Asia,,,,,,6.72,15.7
303,1990,Panama,98.0,North America,Lower middle,2.0,,,,3.06,21.7
304,1990,Papua New Guinea,470.0,East Asia and Pacific,Lower middle,2.0,,,,4.8,18.7
305,1990,Paraguay,130.0,South America,Lower middle,2.0,66.0,,,4.55,19.4
306,1990,Peru,250.0,South America,Lower middle,2.0,,,,3.83,20.4
307,1990,Philippines,110.0,East Asia and Pacific,Lower middle,2.0,,,,4.32,19.2
308,1990,Poland,17.0,West Europe,Lower middle,2.0,97.8,,,2.08,32.2
309,1990,Portugal,15.0,West Europe,Upper middle,3.0,,,,1.52,34.2
310,1990,Qatar,11.0,West Asia,High,4.0,100.0,,,4.01,28.7
311,1990,Romania,170.0,East Europe,Lower middle,2.0,99.8,,,1.87,32.6
312,1990,Russia,74.0,East Europe,,,99.2,,,1.89,33.4
313,1990,Rwanda,1400.0,Sub-Saharan Africa,Low,1.0,,,,7.18,15.3
314,1990,Samoa,150.0,East Asia and Pacific,Lower middle,2.0,76.0,,,5.12,18.7
315,1990,Sao Tome and Principe,410.0,Sub-Saharan Africa,Low,1.0,,,,5.82,16.0
316,1990,Saudi Arabia,41.0,West Asia,Upper middle,3.0,88.0,,,5.91,19.5
317,1990,Senegal,530.0,Sub-Saharan Africa,Lower middle,2.0,,,,6.53,16.4
318,1990,Serbia,18.0,East Europe,,,,,,2.1,33.2
319,1990,Sierra Leone,2300.0,Sub-Saharan Africa,Low,1.0,,,,6.72,17.4
320,1990,Singapore,8.0,East Asia and Pacific,High,4.0,,,,1.83,29.3
321,1990,Slovak Republic,15.0,East Europe,,,100.0,,,2.04,31.2
322,1990,Slovenia,11.0,East Europe,,,99.9,,,1.48,34.1
323,1990,Solomon Islands,320.0,East Asia and Pacific,Low,1.0,85.0,,,5.85,16.9
324,1990,Somalia,1300.0,Sub-Saharan Africa,Low,1.0,,,,7.4,17.8
325,1990,South Africa,150.0,Sub-Saharan Africa,Upper middle,3.0,,,,3.65,20.1
326,1990,South Korea,18.0,East Asia and Pacific,Upper middle,3.0,98.0,,,1.58,26.9
327,1990,Spain,7.0,West Europe,High,4.0,,,,1.34,33.4
328,1990,Sri Lanka,49.0,West Asia,Low,1.0,,,,2.48,24.2
329,1990,St. Lucia,60.0,North America,Lower middle,2.0,,,,3.4,21.4
330,1990,St. Vincent and the Grenadines,48.0,North America,Lower middle,2.0,,,,2.96,20.4
331,1990,Sudan,720.0,Sub-Saharan Africa,Low,1.0,68.5,,,6.15,17.0
332,1990,Suriname,84.0,South America,Upper middle,3.0,,,,3.03,22.8
333,1990,Swaziland,550.0,Sub-Saharan Africa,Lower middle,2.0,,,,5.62,16.0
334,1990,Sweden,6.0,West Europe,High,4.0,,,,2.14,38.4
335,1990,Switzerland,8.0,West Europe,High,4.0,,,,1.55,36.9
336,1990,Syria,130.0,West Asia,Lower middle,2.0,,,,5.31,16.3
337,1990,Tajikistan,68.0,West Asia,,,,,,5.23,18.1
338,1990,Tanzania,910.0,Sub-Saharan Africa,Low,1.0,,,,6.21,16.8
339,1990,Thailand,42.0,East Asia and Pacific,Lower middle,2.0,,,,2.11,24.3
340,1990,Timor-Leste,1200.0,East Asia and Pacific,,,,,,5.34,19.8
341,1990,Togo,660.0,Sub-Saharan Africa,Low,1.0,,,,6.32,16.8
342,1990,Tonga,71.0,East Asia and Pacific,Lower middle,2.0,94.0,,,4.64,19.7
343,1990,Trinidad and Tobago,89.0,North America,Upper middle,3.0,,,,2.45,24.1
344,1990,Tunisia,91.0,North Africa,Lower middle,2.0,,,,3.48,21.3
345,1990,Turkey,48.0,East Europe,Lower middle,2.0,,,,3.11,22.1
346,1990,Turkmenistan,66.0,West Asia,,,,,,4.34,19.6
347,1990,Uganda,780.0,Sub-Saharan Africa,Low,1.0,,,,7.09,15.9
348,1990,Ukraine,49.0,East Europe,,,99.9,,,1.81,35.3
349,1990,United Arab Emirates,16.0,West Asia,High,4.0,99.1,,,4.45,26.7
350,1990,United Kingdom,10.0,West Europe,High,4.0,,,,1.81,35.8
351,1990,United States,12.0,North America,High,4.0,99.2,,,2.07,32.8
352,1990,Uruguay,42.0,South America,Upper middle,3.0,99.4,,,2.52,30.7
353,1990,Uzbekistan,66.0,West Asia,,,,,,4.21,19.6
354,1990,Vanuatu,170.0,East Asia and Pacific,Lower middle,2.0,79.0,,,4.93,18.1
355,1990,Venezuela,93.0,South America,Upper middle,3.0,,,,3.45,21.0
356,1990,Vietnam,140.0,East Asia and Pacific,Low,1.0,,,,3.55,21.0
357,1990,Yemen,460.0,West Asia,Lower middle,2.0,,,,8.61,14.3
358,1990,Zambia,580.0,Sub-Saharan Africa,Low,1.0,,,,6.44,16.4
359,1990,Zimbabwe,520.0,Sub-Saharan Africa,Lower middle,2.0,,,,5.18,16.6
360,1995,Afghanistan,1200.0,West Asia,Low,1.0,,,,7.61,16.0
361,1995,Albania,29.0,East Europe,Low,1.0,89.1,27.9,50.0,2.59,24.7
362,1995,Algeria,140.0,North Africa,Lower middle,2.0,,62.1,75.4,3.45,19.4
363,1995,Angola,1400.0,Sub-Saharan Africa,Low,1.0,,15.6,86.8,6.92,16.0
364,1995,Argentina,60.0,South America,Upper middle,3.0,98.5,615.0,59.8,2.76,27.4
365,1995,Armenia,51.0,East Europe,Low,1.0,93.1,25.7,31.0,1.8,29.4
366,1995,Australia,8.0,East Asia and Pacific,High,4.0,99.3,1570.0,65.8,1.82,33.6
367,1995,Austria,7.0,West Europe,High,4.0,,2860.0,74.0,1.42,36.3
368,1995,Azerbaijan,83.0,East Europe,Low,1.0,91.5,18.2,23.8,2.58,24.6
369,1995,Bahamas,44.0,North America,High,4.0,99.0,840.0,39.9,2.51,25.0
370,1995,Bahrain,22.0,West Asia,Upper middle,3.0,97.6,482.0,69.6,3.1,26.4
371,1995,Bangladesh,440.0,West Asia,Low,1.0,,,36.1,3.73,19.5
372,1995,Barbados,38.0,North America,Upper middle,3.0,100.0,450.0,68.0,1.73,31.1
373,1995,Belarus,29.0,East Europe,Lower middle,2.0,99.9,69.1,71.1,1.47,34.7
374,1995,Belgium,10.0,West Europe,High,4.0,,2140.0,76.8,1.61,37.6
375,1995,Belize,35.0,North America,Lower middle,2.0,79.0,119.0,62.2,4.11,18.4
376,1995,Benin,520.0,Sub-Saharan Africa,Low,1.0,,18.0,45.0,6.36,17.2
377,1995,Bhutan,610.0,West Asia,Low,1.0,,18.8,68.4,4.6,17.6
378,1995,Bolivia,420.0,South America,Lower middle,2.0,,40.2,63.8,4.58,19.7
379,1995,Bosnia and Herzegovina,16.0,East Europe,Low,1.0,,63.8,47.1,1.71,33.0
380,1995,Botswana,370.0,Sub-Saharan Africa,Lower middle,2.0,,125.0,52.4,3.95,18.8
381,1995,Brazil,100.0,South America,Upper middle,3.0,,316.0,43.0,2.5,23.7
382,1995,Brunei,25.0,East Asia and Pacific,High,4.0,98.6,482.0,77.8,2.93,24.0
383,1995,Bulgaria,22.0,East Europe,Lower middle,2.0,98.9,81.8,74.0,1.34,38.2
384,1995,Burkina Faso,680.0,Sub-Saharan Africa,Low,1.0,,10.7,38.7,6.84,16.3
385,1995,Burundi,1300.0,Sub-Saharan Africa,Low,1.0,,9.34,32.2,7.29,15.3
386,1995,Cambodia,860.0,East Asia and Pacific,Low,1.0,43.3,20.1,16.0,4.69,17.3
387,1995,Cameroon,760.0,Sub-Saharan Africa,Low,1.0,,25.1,23.3,5.98,16.9
388,1995,Canada,7.0,North America,High,4.0,99.4,1820.0,71.3,1.64,34.8
389,1995,Cape Verde,140.0,Sub-Saharan Africa,Lower middle,2.0,54.0,62.8,80.7,4.54,17.2
390,1995,Central African Republic,1200.0,Sub-Saharan Africa,Low,1.0,45.9,12.3,39.7,5.62,18.6
391,1995,Chad,1600.0,Sub-Saharan Africa,Low,1.0,,11.9,34.7,7.43,15.9
392,1995,Chile,40.0,South America,Upper middle,3.0,99.5,333.0,38.3,2.31,27.1
393,1995,China,76.0,East Asia and Pacific,Low,1.0,89.3,21.1,50.5,1.64,27.3
394,1995,Colombia,81.0,South America,Lower middle,2.0,83.6,186.0,58.6,2.66,23.0
395,1995,Comoros,560.0,Sub-Saharan Africa,Low,1.0,,19.0,71.2,5.25,17.1
396,1995,"Congo, Dem. Rep.",1100.0,Sub-Saharan Africa,Low,1.0,,4.8,4.04,7.18,17.2
397,1995,"Congo, Rep.",650.0,Sub-Saharan Africa,Low,1.0,,24.3,59.6,5.14,18.5
398,1995,Costa Rica,45.0,North America,Lower middle,2.0,,220.0,76.5,2.82,24.3
399,1995,Cote d'Ivoire,710.0,Sub-Saharan Africa,Low,1.0,,37.9,22.6,6.06,17.9
400,1995,Croatia,13.0,East Europe,Upper middle,3.0,99.9,323.0,86.5,1.52,37.9
401,1995,Cuba,60.0,North America,Lower middle,2.0,99.8,113.0,89.6,1.64,30.2
402,1995,Cyprus,18.0,West Europe,High,4.0,100.0,706.0,35.8,2.12,31.0
403,1995,Czech Republic,9.0,East Europe,Upper middle,3.0,100.0,374.0,90.9,1.39,36.1
404,1995,Denmark,16.0,West Europe,High,4.0,,2830.0,82.5,1.81,37.7
405,1995,Djibouti,390.0,North Africa,Lower middle,2.0,,32.0,60.0,5.35,18.1
406,1995,Dominican Republic,180.0,North America,Lower middle,2.0,,108.0,20.9,3.13,21.3
407,1995,Ecuador,130.0,South America,Lower middle,2.0,,72.9,55.4,3.36,21.6
408,1995,Egypt,96.0,North Africa,Lower middle,2.0,46.3,37.4,46.5,3.71,20.1
409,1995,El Salvador,96.0,North America,Lower middle,2.0,,106.0,38.5,3.58,21.0
410,1995,Equatorial Guinea,1300.0,Sub-Saharan Africa,Low,1.0,,21.8,57.0,5.97,18.9
411,1995,Eritrea,1000.0,Sub-Saharan Africa,Low,1.0,20.6,8.43,47.9,5.91,16.1
412,1995,Estonia,46.0,East Europe,Lower middle,2.0,99.3,166.0,89.8,1.43,36.4
413,1995,Ethiopia,1200.0,Sub-Saharan Africa,Low,1.0,,3.99,40.0,7.0,16.7
414,1995,Fiji,79.0,East Asia and Pacific,Lower middle,2.0,96.2,78.3,79.9,3.28,21.6
415,1995,Finland,5.0,East Europe,High,4.0,98.5,2010.0,71.7,1.81,37.8
416,1995,France,11.0,West Europe,High,4.0,,2740.0,79.7,1.72,36.4
417,1995,Gabon,340.0,Sub-Saharan Africa,Upper middle,3.0,,136.0,37.9,5.0,19.2
418,1995,Gambia,660.0,Sub-Saharan Africa,Low,1.0,,21.2,29.1,6.04,16.6
419,1995,Georgia,67.0,East Europe,Low,1.0,,29.0,5.21,1.88,32.3
420,1995,Germany,8.0,West Europe,High,4.0,,3130.0,81.4,1.31,38.4
421,1995,Ghana,650.0,Sub-Saharan Africa,Low,1.0,,19.9,57.5,5.17,18.4
422,1995,Greece,2.0,West Europe,Upper middle,3.0,,1060.0,52.0,1.37,36.4
423,1995,Grenada,33.0,North America,Lower middle,2.0,100.0,191.0,43.5,3.12,20.9
424,1995,Guatemala,220.0,North America,Lower middle,2.0,34.8,53.7,36.0,5.09,17.2
425,1995,Guinea,1000.0,Sub-Saharan Africa,Low,1.0,,27.1,20.5,6.39,17.9
426,1995,Guinea-Bissau,790.0,Sub-Saharan Africa,Low,1.0,25.0,25.5,24.8,6.29,17.0
427,1995,Guyana,230.0,South America,Low,1.0,93.0,41.5,79.2,3.07,21.7
428,1995,Haiti,580.0,North America,Low,1.0,20.6,22.6,40.9,4.89,18.5
429,1995,Honduras,200.0,North America,Low,1.0,,37.9,53.7,4.64,17.5
430,1995,Hungary,23.0,East Europe,Upper middle,3.0,99.4,323.0,84.0,1.56,37.5
431,1995,Iceland,7.0,West Europe,High,4.0,,2210.0,84.4,2.13,31.5
432,1995,India,460.0,West Asia,Low,1.0,,15.7,26.0,3.65,21.8
433,1995,Indonesia,360.0,East Asia and Pacific,Lower middle,2.0,49.7,19.8,35.7,2.69,22.8
434,1995,Iran,60.0,West Asia,Lower middle,2.0,,68.2,44.8,3.22,18.5
435,1995,Iraq,84.0,West Asia,Lower middle,2.0,,,,5.42,17.5
436,1995,Ireland,4.0,West Europe,High,4.0,,1240.0,72.5,1.9,30.1
437,1995,Israel,10.0,West Asia,High,4.0,,1280.0,69.2,2.92,27.3
438,1995,Italy,6.0,West Europe,High,4.0,,1440.0,70.8,1.24,38.7
439,1995,Jamaica,89.0,North America,Lower middle,2.0,,96.6,52.6,2.77,23.5
440,1995,Japan,10.0,East Asia and Pacific,High,4.0,99.9,2890.0,82.3,1.41,39.4
441,1995,Jordan,73.0,West Asia,Lower middle,2.0,,127.0,62.1,4.61,19.2
442,1995,Kazakhstan,91.0,West Asia,Lower middle,2.0,99.6,48.4,63.8,2.24,27.1
443,1995,Kenya,530.0,Sub-Saharan Africa,Low,1.0,,14.1,46.4,5.46,16.4
444,1995,Kuwait,10.0,West Asia,High,4.0,,629.0,81.9,2.72,26.6
445,1995,Kyrgyz Republic,120.0,West Asia,Low,1.0,98.0,22.3,57.6,3.3,21.6
446,1995,Lao,830.0,East Asia and Pacific,Low,1.0,,15.3,59.7,5.39,17.6
447,1995,Latvia,58.0,East Europe,Lower middle,2.0,100.0,115.0,66.3,1.36,36.2
448,1995,Lebanon,47.0,West Asia,Lower middle,2.0,,361.0,28.3,2.62,24.5
449,1995,Lesotho,630.0,Sub-Saharan Africa,Lower middle,2.0,,36.6,46.6,4.55,18.4
450,1995,Liberia,1600.0,Sub-Saharan Africa,Low,1.0,,,,6.16,17.8
451,1995,Libya,25.0,North Africa,Upper middle,3.0,94.4,187.0,49.6,3.64,20.2
452,1995,Lithuania,21.0,East Europe,Lower middle,2.0,100.0,99.7,74.2,1.64,34.0
453,1995,Luxembourg,11.0,West Europe,High,4.0,,2820.0,92.4,1.71,36.7
454,1995,"Macedonia, FYR",13.0,East Europe,Lower middle,2.0,94.1,201.0,58.5,1.98,30.7
455,1995,Madagascar,640.0,Sub-Saharan Africa,Low,1.0,,6.74,53.6,5.98,17.2
456,1995,Malawi,870.0,Sub-Saharan Africa,Low,1.0,,6.96,37.9,6.42,16.9
457,1995,Malaysia,45.0,East Asia and Pacific,Upper middle,3.0,95.1,124.0,60.2,3.31,22.5
458,1995,Maldives,210.0,West Asia,Lower middle,2.0,,95.8,61.3,4.3,16.7
459,1995,Mali,1000.0,Sub-Saharan Africa,Low,1.0,,14.4,52.3,7.06,16.5
460,1995,Malta,11.0,West Europe,Upper middle,3.0,,591.0,67.5,1.97,35.0
461,1995,Mauritania,550.0,Sub-Saharan Africa,Low,1.0,,29.4,59.0,5.77,17.6
462,1995,Mauritius,68.0,Sub-Saharan Africa,Upper middle,3.0,98.1,129.0,54.7,2.14,26.8
463,1995,Mexico,77.0,North America,Upper middle,3.0,,176.0,42.1,3.02,21.2
464,1995,"Micronesia, Fed. Sts.",140.0,East Asia and Pacific,Lower middle,2.0,,189.0,95.2,4.66,17.8
465,1995,Moldova,59.0,East Europe,Lower middle,2.0,100.0,30.1,64.2,1.9,30.8
466,1995,Mongolia,120.0,East Asia and Pacific,Low,1.0,,19.4,79.5,2.74,20.3
467,1995,Montenegro,9.0,East Europe,,,,139.0,71.0,1.98,32.2
468,1995,Morocco,240.0,North Africa,Lower middle,2.0,39.6,47.9,32.2,3.3,21.1
469,1995,Mozambique,1100.0,Sub-Saharan Africa,Low,1.0,,7.28,67.1,5.96,17.5
470,1995,Myanmar,470.0,East Asia and Pacific,Low,1.0,,2.57,18.9,3.04,22.1
471,1995,Namibia,280.0,Sub-Saharan Africa,Lower middle,2.0,,132.0,71.0,4.59,18.6
472,1995,Nepal,580.0,West Asia,Low,1.0,,,17.3,4.72,19.0
473,1995,Netherlands,11.0,West Europe,High,4.0,,2260.0,71.0,1.53,36.0
474,1995,New Zealand,13.0,East Asia and Pacific,High,4.0,100.0,1190.0,77.2,2.11,32.6
475,1995,Nicaragua,160.0,North America,Low,1.0,,57.8,64.4,3.78,18.0
476,1995,Niger,920.0,Sub-Saharan Africa,Low,1.0,,7.05,39.9,7.73,15.9
477,1995,Nigeria,1100.0,Sub-Saharan Africa,Low,1.0,,36.4,25.6,6.26,17.7
478,1995,North Korea,83.0,East Asia and Pacific,Lower middle,2.0,,,,2.12,27.3
479,1995,Norway,4.0,West Europe,High,4.0,99.2,3120.0,80.3,1.87,36.1
480,1995,Oman,32.0,West Asia,Upper middle,3.0,91.1,223.0,84.0,5.35,20.9
481,1995,Pakistan,330.0,West Asia,Low,1.0,,15.1,25.7,5.34,18.6
482,1995,Palestine,71.0,West Asia,Lower middle,2.0,,,,6.25,15.7
483,1995,Panama,91.0,North America,Lower middle,2.0,88.3,228.0,68.0,2.85,23.1
484,1995,Papua New Guinea,370.0,East Asia and Pacific,Lower middle,2.0,42.0,36.0,86.2,4.67,19.3
485,1995,Paraguay,130.0,South America,Lower middle,2.0,,112.0,36.0,4.11,19.7
486,1995,Peru,220.0,South America,Lower middle,2.0,,101.0,54.4,3.32,21.5
487,1995,Philippines,130.0,East Asia and Pacific,Lower middle,2.0,,36.9,39.5,4.01,19.8
488,1995,Poland,14.0,West Europe,Lower middle,2.0,99.6,199.0,72.9,1.73,33.6
489,1995,Portugal,10.0,West Europe,High,4.0,,874.0,62.6,1.46,36.0
490,1995,Qatar,11.0,West Asia,High,4.0,100.0,601.0,62.6,3.59,29.0
491,1995,Romania,72.0,East Europe,Lower middle,2.0,99.1,58.1,68.7,1.37,33.9
492,1995,Russia,72.0,East Europe,Lower middle,2.0,99.1,113.0,73.9,1.34,35.0
493,1995,Rwanda,1400.0,Sub-Saharan Africa,Low,1.0,,10.3,36.5,6.17,17.8
494,1995,Samoa,110.0,East Asia and Pacific,Lower middle,2.0,,56.0,70.9,4.75,19.1
495,1995,Sao Tome and Principe,360.0,Sub-Saharan Africa,Low,1.0,,67.2,32.2,5.55,16.6
496,1995,Saudi Arabia,31.0,West Asia,Upper middle,3.0,91.4,228.0,52.1,4.98,19.4
497,1995,Senegal,510.0,Sub-Saharan Africa,Low,1.0,,22.9,32.5,6.0,16.8
498,1995,Serbia,20.0,East Europe,,,98.7,77.7,70.9,1.89,34.1
499,1995,Sierra Leone,2400.0,Sub-Saharan Africa,Low,1.0,,32.0,9.41,6.61,17.4
500,1995,Singapore,8.0,East Asia and Pacific,High,4.0,,728.0,50.5,1.67,31.8
501,1995,Slovak Republic,10.0,East Europe,Lower middle,2.0,100.0,222.0,88.5,1.63,32.4
502,1995,Slovenia,11.0,East Europe,Upper middle,3.0,99.9,785.0,77.7,1.27,36.2
503,1995,Solomon Islands,250.0,East Asia and Pacific,Lower middle,2.0,,47.3,92.8,5.2,17.9
504,1995,Somalia,1300.0,Sub-Saharan Africa,Low,1.0,,4.62,43.5,7.65,17.4
505,1995,South Africa,140.0,Sub-Saharan Africa,Upper middle,3.0,82.0,273.0,39.3,3.11,21.6
506,1995,South Korea,18.0,East Asia and Pacific,High,4.0,,442.0,38.5,1.62,29.3
507,1995,Spain,4.0,West Europe,High,4.0,,1130.0,72.2,1.21,35.5
508,1995,Sri Lanka,71.0,West Asia,Low,1.0,,24.5,46.8,2.29,25.8
509,1995,St. Lucia,52.0,North America,Upper middle,3.0,100.0,181.0,64.1,2.89,23.1
510,1995,St. Vincent and the Grenadines,72.0,North America,Lower middle,2.0,100.0,110.0,84.8,2.7,22.3
511,1995,Sudan,640.0,Sub-Saharan Africa,Low,1.0,,15.4,13.5,5.83,17.7
512,1995,Suriname,39.0,South America,Lower middle,2.0,80.0,82.5,51.6,3.01,23.9
513,1995,Swaziland,480.0,Sub-Saharan Africa,Lower middle,2.0,,87.5,57.1,4.8,16.3
514,1995,Sweden,5.0,West Europe,High,4.0,,2290.0,86.7,1.73,38.5
515,1995,Switzerland,8.0,West Europe,High,4.0,,4270.0,53.6,1.52,37.2
516,1995,Syria,94.0,West Asia,Lower middle,2.0,,51.7,39.7,4.51,17.5
517,1995,Tajikistan,120.0,West Asia,Low,1.0,80.9,3.06,41.5,4.59,17.8
518,1995,Tanzania,890.0,Sub-Saharan Africa,Low,1.0,,6.29,42.8,5.88,17.0
519,1995,Thailand,37.0,East Asia and Pacific,Lower middle,2.0,,99.5,47.0,1.87,26.6
520,1995,Timor-Leste,1000.0,East Asia and Pacific,,,,35.1,89.0,6.38,19.9
521,1995,Togo,660.0,Sub-Saharan Africa,Low,1.0,,17.3,34.6,5.76,17.0
522,1995,Tonga,89.0,East Asia and Pacific,Lower middle,2.0,,86.2,65.4,4.45,19.8
523,1995,Trinidad and Tobago,91.0,North America,Upper middle,3.0,97.5,198.0,47.6,1.96,25.7
524,1995,Tunisia,81.0,North Africa,Lower middle,2.0,81.0,124.0,51.7,2.61,23.1
525,1995,Turkey,39.0,East Europe,Lower middle,2.0,,95.5,70.3,2.76,23.5
526,1995,Turkmenistan,79.0,West Asia,Lower middle,2.0,,43.1,60.4,3.51,20.1
527,1995,Uganda,740.0,Sub-Saharan Africa,Low,1.0,37.8,16.9,26.4,7.02,15.5
528,1995,Ukraine,45.0,East Europe,Lower middle,2.0,99.9,49.0,61.2,1.41,36.4
529,1995,United Arab Emirates,13.0,West Asia,High,4.0,99.2,738.0,79.0,3.42,27.8
530,1995,United Kingdom,11.0,West Europe,High,4.0,,1360.0,83.9,1.76,36.5
531,1995,United States,11.0,North America,High,4.0,99.4,3750.0,44.9,1.98,34.0
532,1995,Uruguay,34.0,South America,Upper middle,3.0,98.0,689.0,59.6,2.4,31.1
533,1995,Uzbekistan,54.0,West Asia,Lower middle,2.0,,22.7,69.6,3.53,19.8
534,1995,Vanuatu,140.0,East Asia and Pacific,Lower middle,2.0,89.1,41.2,76.9,4.73,18.5
535,1995,Venezuela,98.0,South America,Lower middle,2.0,,144.0,42.6,3.08,22.0
536,1995,Vietnam,110.0,East Asia and Pacific,Low,1.0,,14.3,34.5,2.71,22.2
537,1995,Yemen,420.0,West Asia,Low,1.0,,39.5,31.5,7.53,14.9
538,1995,Zambia,630.0,Sub-Saharan Africa,Low,1.0,,21.8,60.6,6.19,16.5
539,1995,Zimbabwe,550.0,Sub-Saharan Africa,Low,1.0,,51.4,54.6,4.43,17.2
540,2000,Afghanistan,1100.0,West Asia,Low,1.0,12.4,,,7.49,15.7
541,2000,Albania,28.0,East Europe,Lower middle,2.0,99.1,75.2,36.1,2.16,27.1
542,2000,Algeria,120.0,North Africa,Lower middle,2.0,92.6,62.6,73.3,2.51,21.7
543,2000,Angola,1100.0,Sub-Saharan Africa,Low,1.0,,15.8,79.2,6.64,16.2
544,2000,Argentina,63.0,South America,Upper middle,3.0,99.1,709.0,53.9,2.56,27.9
545,2000,Armenia,43.0,East Europe,Low,1.0,96.8,39.0,18.1,1.3,30.6
546,2000,Australia,9.0,East Asia and Pacific,High,4.0,99.3,1710.0,66.8,1.76,35.4
547,2000,Austria,5.0,West Europe,High,4.0,98.3,2370.0,76.8,1.37,38.2
548,2000,Azerbaijan,57.0,East Europe,Low,1.0,80.7,30.4,18.5,2.03,25.6
549,2000,Bahamas,44.0,North America,High,4.0,99.0,1100.0,47.6,2.07,27.0
550,2000,Bahrain,27.0,West Asia,Upper middle,3.0,97.7,497.0,67.5,2.77,26.6
551,2000,Bangladesh,340.0,West Asia,Low,1.0,12.1,,39.0,3.12,20.9
552,2000,Barbados,42.0,North America,High,4.0,98.0,601.0,65.8,1.74,33.5
553,2000,Belarus,32.0,East Europe,Lower middle,2.0,99.9,63.5,75.5,1.24,36.5
554,2000,Belgium,9.0,West Europe,High,4.0,,1840.0,74.6,1.63,39.0
555,2000,Belize,110.0,North America,Lower middle,2.0,100.0,132.0,52.8,3.6,19.2
556,2000,Benin,490.0,Sub-Saharan Africa,Low,1.0,,15.7,44.2,5.96,17.3
557,2000,Bhutan,390.0,West Asia,Low,1.0,23.7,51.6,79.3,3.6,18.8
558,2000,Bolivia,330.0,South America,Lower middle,2.0,67.3,61.4,60.1,4.06,20.5
559,2000,Bosnia and Herzegovina,11.0,East Europe,Lower middle,2.0,98.9,106.0,57.6,1.5,34.9
560,2000,Botswana,390.0,Sub-Saharan Africa,Upper middle,3.0,98.5,152.0,62.2,3.39,20.1
561,2000,Brazil,85.0,South America,Upper middle,3.0,98.6,265.0,40.3,2.3,25.1
562,2000,Brunei,24.0,East Asia and Pacific,High,4.0,99.5,551.0,86.5,2.22,25.5
563,2000,Bulgaria,29.0,East Europe,Lower middle,2.0,99.8,97.7,60.9,1.18,39.7
564,2000,Burkina Faso,580.0,Sub-Saharan Africa,Low,1.0,,10.9,39.6,6.59,16.4
565,2000,Burundi,1000.0,Sub-Saharan Africa,Low,1.0,25.2,7.04,28.6,7.01,15.3
566,2000,Cambodia,540.0,East Asia and Pacific,Low,1.0,31.8,18.6,20.4,3.81,18.1
567,2000,Cameroon,740.0,Sub-Saharan Africa,Low,1.0,56.0,26.5,20.8,5.58,17.3
568,2000,Canada,7.0,North America,High,4.0,99.3,2090.0,70.4,1.52,36.8
569,2000,Cape Verde,84.0,Sub-Saharan Africa,Lower middle,2.0,,57.2,73.5,3.76,18.0
570,2000,Central African Republic,1200.0,Sub-Saharan Africa,Low,1.0,31.7,9.97,41.4,5.5,18.6
571,2000,Chad,1500.0,Sub-Saharan Africa,Low,1.0,13.7,10.6,42.5,7.35,15.6
572,2000,Chile,29.0,South America,Upper middle,3.0,99.0,405.0,41.6,2.11,28.9
573,2000,China,63.0,East Asia and Pacific,Lower middle,2.0,96.6,43.4,38.3,1.5,30.1
574,2000,Colombia,130.0,South America,Lower middle,2.0,86.1,184.0,70.8,2.39,24.4
575,2000,Comoros,480.0,Sub-Saharan Africa,Low,1.0,61.8,10.4,52.8,5.32,17.7
576,2000,"Congo, Dem. Rep.",1100.0,Sub-Saharan Africa,Low,1.0,,13.3,4.08,6.96,17.1
577,2000,"Congo, Rep.",610.0,Sub-Saharan Africa,Low,1.0,,21.7,57.7,5.1,19.0
578,2000,Costa Rica,44.0,North America,Upper middle,3.0,96.6,266.0,76.8,2.37,25.6
579,2000,Cote d'Ivoire,670.0,Sub-Saharan Africa,Low,1.0,62.8,31.8,26.3,5.71,18.0
580,2000,Croatia,11.0,East Europe,Upper middle,3.0,99.9,377.0,86.1,1.44,38.9
581,2000,Cuba,63.0,North America,Lower middle,2.0,99.9,168.0,90.1,1.62,32.8
582,2000,Cyprus,16.0,West Europe,High,4.0,97.9,744.0,41.6,1.72,31.8
583,2000,Czech Republic,7.0,East Europe,Upper middle,3.0,99.8,361.0,90.3,1.12,37.5
584,2000,Denmark,9.0,West Europe,High,4.0,98.8,2610.0,83.9,1.77,38.4
585,2000,Djibouti,360.0,North Africa,Lower middle,2.0,,43.7,67.8,4.48,19.3
586,2000,Dominican Republic,120.0,North America,Lower middle,2.0,97.6,175.0,34.5,2.89,22.4
587,2000,Ecuador,120.0,South America,Lower middle,2.0,,53.6,31.3,3.03,22.8
588,2000,Egypt,75.0,North Africa,Lower middle,2.0,60.9,78.6,40.5,3.23,21.2
589,2000,El Salvador,80.0,North America,Lower middle,2.0,,177.0,45.2,3.02,22.0
590,2000,Equatorial Guinea,790.0,Sub-Saharan Africa,Lower middle,2.0,64.6,46.4,46.3,5.83,19.6
591,2000,Eritrea,670.0,Sub-Saharan Africa,Low,1.0,,9.09,47.6,5.33,17.1
592,2000,Estonia,26.0,East Europe,Upper middle,3.0,99.5,250.0,67.8,1.32,38.0
593,2000,Ethiopia,990.0,Sub-Saharan Africa,Low,1.0,5.6,5.32,53.6,6.53,16.6
594,2000,Fiji,72.0,East Asia and Pacific,Lower middle,2.0,96.9,79.8,84.1,3.09,22.1
595,2000,Finland,7.0,East Europe,High,4.0,98.4,1700.0,71.3,1.73,39.4
596,2000,France,10.0,West Europe,High,4.0,,2200.0,79.4,1.82,37.7
597,2000,Gabon,330.0,Sub-Saharan Africa,Upper middle,3.0,85.5,102.0,42.0,4.54,19.4
598,2000,Gambia,580.0,Sub-Saharan Africa,Low,1.0,51.6,18.8,33.8,5.95,16.8
599,2000,Georgia,60.0,East Europe,Low,1.0,95.5,44.7,17.0,1.61,33.8
600,2000,Germany,7.0,West Europe,High,4.0,98.6,2390.0,79.5,1.35,40.1
601,2000,Ghana,570.0,Sub-Saharan Africa,Low,1.0,,12.3,48.7,4.83,18.8
602,2000,Greece,5.0,West Europe,High,4.0,,917.0,60.0,1.32,37.8
603,2000,Grenada,29.0,North America,Upper middle,3.0,100.0,339.0,52.0,2.58,21.8
604,2000,Guatemala,160.0,North America,Lower middle,2.0,,94.9,39.7,4.6,17.7
605,2000,Guinea,950.0,Sub-Saharan Africa,Low,1.0,,21.1,18.7,6.08,17.8
606,2000,Guinea-Bissau,840.0,Sub-Saharan Africa,Low,1.0,31.8,10.7,16.2,5.82,17.1
607,2000,Guyana,240.0,South America,Lower middle,2.0,82.9,54.3,82.4,3.02,22.6
608,2000,Haiti,510.0,North America,Low,1.0,23.8,25.7,27.7,4.3,19.1
609,2000,Honduras,150.0,North America,Lower middle,2.0,,62.2,66.8,4.06,18.4
610,2000,Hungary,10.0,East Europe,Upper middle,3.0,99.5,326.0,70.7,1.31,38.5
611,2000,Iceland,6.0,West Europe,High,4.0,,3030.0,81.5,2.01,32.9
612,2000,India,370.0,West Asia,Low,1.0,42.5,19.6,26.0,3.31,22.7
613,2000,Indonesia,310.0,East Asia and Pacific,Low,1.0,66.9,15.1,36.1,2.51,24.4
614,2000,Iran,44.0,West Asia,Lower middle,2.0,89.6,231.0,41.6,2.21,20.8
615,2000,Iraq,71.0,West Asia,Lower middle,2.0,65.2,34.3,1.14,4.89,18.2
616,2000,Ireland,6.0,West Europe,High,4.0,99.6,1560.0,75.1,1.95,31.8
617,2000,Israel,9.0,West Asia,High,4.0,,1460.0,64.0,2.92,28.0
618,2000,Italy,4.0,West Europe,High,4.0,99.8,1550.0,72.5,1.25,40.4
619,2000,Jamaica,88.0,North America,Lower middle,2.0,95.9,190.0,52.6,2.58,24.9
620,2000,Japan,10.0,East Asia and Pacific,High,4.0,99.8,2830.0,80.8,1.32,41.2
621,2000,Jordan,65.0,West Asia,Lower middle,2.0,,169.0,48.0,4.03,19.6
622,2000,Kazakhstan,71.0,West Asia,Lower middle,2.0,98.3,51.0,50.9,1.92,27.8
623,2000,Kenya,570.0,Sub-Saharan Africa,Low,1.0,42.6,19.0,46.3,5.18,17.0
624,2000,Kuwait,8.0,West Asia,High,4.0,,488.0,76.0,2.85,27.8
625,2000,Kyrgyz Republic,100.0,West Asia,Low,1.0,98.6,12.9,44.3,2.66,22.5
626,2000,Lao,600.0,East Asia and Pacific,Low,1.0,16.7,10.8,35.1,4.31,18.0
627,2000,Latvia,42.0,East Europe,Lower middle,2.0,100.0,197.0,54.4,1.18,37.9
628,2000,Lebanon,37.0,West Asia,Upper middle,3.0,99.9,455.0,32.6,2.23,26.3
629,2000,Lesotho,680.0,Sub-Saharan Africa,Low,1.0,48.1,26.6,51.2,4.09,18.7
630,2000,Liberia,1100.0,Sub-Saharan Africa,Low,1.0,50.9,9.96,26.4,5.88,18.1
631,2000,Libya,21.0,North Africa,Upper middle,3.0,,216.0,57.2,2.86,22.1
632,2000,Lithuania,20.0,East Europe,Lower middle,2.0,100.0,212.0,69.7,1.34,35.9
633,2000,Luxembourg,11.0,West Europe,High,4.0,,3470.0,85.1,1.7,37.3
634,2000,"Macedonia, FYR",15.0,East Europe,Lower middle,2.0,97.7,157.0,57.5,1.72,32.3
635,2000,Madagascar,550.0,Sub-Saharan Africa,Low,1.0,47.0,9.38,66.5,5.55,17.3
636,2000,Malawi,750.0,Sub-Saharan Africa,Low,1.0,55.6,9.41,45.8,6.15,16.5
637,2000,Malaysia,40.0,East Asia and Pacific,Upper middle,3.0,96.6,125.0,59.0,2.78,23.8
638,2000,Maldives,110.0,West Asia,Lower middle,2.0,,162.0,58.5,2.94,18.6
639,2000,Mali,860.0,Sub-Saharan Africa,Low,1.0,,14.8,32.9,6.9,16.6
640,2000,Malta,11.0,West Europe,High,4.0,,643.0,72.5,1.67,36.2
641,2000,Mauritania,480.0,Sub-Saharan Africa,Low,1.0,,24.3,66.5,5.45,18.2
642,2000,Mauritius,28.0,Sub-Saharan Africa,Upper middle,3.0,99.7,145.0,52.0,1.99,29.0
643,2000,Mexico,67.0,North America,Upper middle,3.0,88.6,328.0,46.6,2.72,22.7
644,2000,"Micronesia, Fed. Sts.",130.0,East Asia and Pacific,Lower middle,2.0,82.8,170.0,93.8,4.3,18.9
645,2000,Moldova,39.0,East Europe,Low,1.0,98.0,23.6,48.5,1.44,31.3
646,2000,Mongolia,120.0,East Asia and Pacific,Low,1.0,96.6,21.6,81.9,2.14,22.0
647,2000,Montenegro,10.0,East Europe,,,99.1,117.0,69.1,1.88,34.4
648,2000,Morocco,200.0,North Africa,Lower middle,2.0,,53.8,29.4,2.78,22.7
649,2000,Mozambique,870.0,Sub-Saharan Africa,Low,1.0,,14.1,72.4,5.82,17.4
650,2000,Myanmar,360.0,East Asia and Pacific,Low,1.0,,3.38,13.4,2.91,23.4
651,2000,Namibia,270.0,Sub-Saharan Africa,Lower middle,2.0,75.5,126.0,68.9,4.02,19.5
652,2000,Nepal,430.0,West Asia,Low,1.0,11.9,,21.7,4.03,19.3
653,2000,Netherlands,15.0,West Europe,High,4.0,,1930.0,63.1,1.72,37.5
654,2000,New Zealand,12.0,East Asia and Pacific,High,4.0,97.3,1050.0,78.0,1.98,34.3
655,2000,Nicaragua,140.0,North America,Low,1.0,,54.3,53.5,3.08,19.4
656,2000,Niger,850.0,Sub-Saharan Africa,Low,1.0,15.7,5.3,43.8,7.68,15.9
657,2000,Nigeria,950.0,Sub-Saharan Africa,Low,1.0,,17.1,33.5,6.11,17.9
658,2000,North Korea,120.0,East Asia and Pacific,Low,1.0,96.7,,,1.99,29.4
659,2000,Norway,8.0,West Europe,High,4.0,99.0,3160.0,82.5,1.85,36.9
660,2000,Oman,22.0,West Asia,Upper middle,3.0,94.7,264.0,81.8,3.72,20.9
661,2000,Pakistan,280.0,West Asia,Low,1.0,,14.9,21.3,4.58,19.2
662,2000,Palestine,59.0,West Asia,Lower middle,2.0,97.4,,,5.38,16.0
663,2000,Panama,79.0,North America,Upper middle,3.0,90.5,305.0,68.1,2.74,24.5
664,2000,Papua New Guinea,340.0,East Asia and Pacific,Lower middle,2.0,41.0,25.9,81.7,4.53,19.8
665,2000,Paraguay,120.0,South America,Lower middle,2.0,,124.0,39.9,3.55,20.5
666,2000,Peru,160.0,South America,Lower middle,2.0,59.3,96.8,58.7,2.93,22.8
667,2000,Philippines,120.0,East Asia and Pacific,Lower middle,2.0,58.0,33.6,47.6,3.81,20.5
668,2000,Poland,8.0,West Europe,Upper middle,3.0,99.4,247.0,70.0,1.35,35.0
669,2000,Portugal,11.0,West Europe,High,4.0,99.7,1070.0,66.0,1.46,37.9
670,2000,Qatar,9.0,West Asia,High,4.0,100.0,688.0,68.8,3.24,30.5
671,2000,Romania,53.0,East Europe,Lower middle,2.0,99.0,86.6,67.7,1.31,34.9
672,2000,Russia,57.0,East Europe,Lower middle,2.0,99.2,96.0,59.9,1.2,36.5
673,2000,Rwanda,1000.0,Sub-Saharan Africa,Low,1.0,31.3,9.04,39.2,5.64,17.3
674,2000,Samoa,89.0,East Asia and Pacific,Lower middle,2.0,80.0,79.0,76.8,4.5,19.5
675,2000,Sao Tome and Principe,300.0,Sub-Saharan Africa,Low,1.0,78.6,51.6,38.1,5.28,17.3
676,2000,Saudi Arabia,24.0,West Asia,Upper middle,3.0,91.0,400.0,71.7,3.97,21.3
677,2000,Senegal,480.0,Sub-Saharan Africa,Low,1.0,57.8,21.3,36.8,5.47,17.3
678,2000,Serbia,7.0,East Europe,,,98.0,60.0,70.0,1.77,36.1
679,2000,Sierra Leone,2200.0,Sub-Saharan Africa,Low,1.0,37.1,24.0,13.3,6.32,17.5
680,2000,Singapore,19.0,East Asia and Pacific,High,4.0,99.7,580.0,51.4,1.6,34.1
681,2000,Slovak Republic,12.0,East Europe,Upper middle,3.0,100.0,208.0,89.4,1.27,33.9
682,2000,Slovenia,12.0,East Europe,High,4.0,99.9,830.0,74.0,1.21,38.1
683,2000,Solomon Islands,210.0,East Asia and Pacific,Low,1.0,,48.4,94.6,4.72,18.7
684,2000,Somalia,1200.0,Sub-Saharan Africa,Low,1.0,,6.78,44.8,7.62,16.5
685,2000,South Africa,150.0,Sub-Saharan Africa,Upper middle,3.0,,251.0,40.5,2.83,22.8
686,2000,South Korea,19.0,East Asia and Pacific,Upper middle,3.0,99.9,509.0,48.6,1.35,31.9
687,2000,Spain,5.0,West Europe,High,4.0,,1040.0,71.6,1.23,37.6
688,2000,Sri Lanka,55.0,West Asia,Lower middle,2.0,96.0,32.3,48.8,2.24,27.6
689,2000,St. Lucia,44.0,North America,Upper middle,3.0,100.0,231.0,61.9,2.2,24.3
690,2000,St. Vincent and the Grenadines,75.0,North America,Lower middle,2.0,100.0,137.0,82.2,2.38,24.2
691,2000,Sudan,540.0,Sub-Saharan Africa,Low,1.0,,12.2,27.3,5.47,17.9
692,2000,Suriname,120.0,South America,Lower middle,2.0,70.9,152.0,48.8,2.86,25.1
693,2000,Swaziland,520.0,Sub-Saharan Africa,Lower middle,2.0,65.4,75.3,56.3,4.19,17.2
694,2000,Sweden,5.0,West Europe,High,4.0,,2280.0,84.9,1.56,39.4
695,2000,Switzerland,7.0,West Europe,High,4.0,,3520.0,55.4,1.44,38.6
696,2000,Syria,75.0,West Asia,Lower middle,2.0,,59.2,40.5,4.04,18.7
697,2000,Tajikistan,89.0,West Asia,Low,1.0,70.7,6.47,20.4,3.91,18.3
698,2000,Tanzania,770.0,Sub-Saharan Africa,Low,1.0,,10.1,43.4,5.69,17.2
699,2000,Thailand,40.0,East Asia and Pacific,Lower middle,2.0,99.3,66.0,56.1,1.67,30.1
700,2000,Timor-Leste,680.0,East Asia and Pacific,,,,31.9,74.9,7.11,14.8
701,2000,Togo,580.0,Sub-Saharan Africa,Low,1.0,35.4,13.1,31.1,5.41,17.9
702,2000,Tonga,91.0,East Asia and Pacific,Lower middle,2.0,95.0,91.2,70.8,4.25,19.9
703,2000,Trinidad and Tobago,59.0,North America,Upper middle,3.0,96.0,245.0,43.0,1.75,27.8
704,2000,Tunisia,65.0,North Africa,Lower middle,2.0,89.9,122.0,54.9,2.14,25.1
705,2000,Turkey,33.0,East Europe,Upper middle,3.0,,205.0,62.9,2.5,24.9
706,2000,Turkmenistan,81.0,West Asia,Lower middle,2.0,97.2,45.1,79.6,2.82,21.7
707,2000,Uganda,650.0,Sub-Saharan Africa,Low,1.0,36.0,15.6,26.9,6.87,15.2
708,2000,Ukraine,35.0,East Europe,Low,1.0,99.9,35.7,51.8,1.15,37.8
709,2000,United Arab Emirates,11.0,West Asia,High,4.0,,885.0,65.1,2.64,28.1
710,2000,United Kingdom,11.0,West Europe,High,4.0,,1760.0,79.2,1.68,37.6
711,2000,United States,13.0,North America,High,4.0,99.4,4700.0,43.2,2.05,35.2
712,2000,Uruguay,35.0,South America,Upper middle,3.0,99.7,584.0,72.3,2.24,31.6
713,2000,Uzbekistan,48.0,West Asia,Low,1.0,94.9,31.7,44.1,2.74,21.0
714,2000,Vanuatu,120.0,East Asia and Pacific,Lower middle,2.0,88.0,52.5,76.6,4.37,18.9
715,2000,Venezuela,91.0,South America,Upper middle,3.0,94.0,274.0,41.5,2.82,23.1
716,2000,Vietnam,82.0,East Asia and Pacific,Low,1.0,58.8,20.9,30.9,2.01,24.2
717,2000,Yemen,370.0,West Asia,Low,1.0,,25.3,53.8,6.31,15.6
718,2000,Zambia,610.0,Sub-Saharan Africa,Low,1.0,,18.0,51.3,6.04,16.6
719,2000,Zimbabwe,680.0,Sub-Saharan Africa,Low,1.0,,59.7,52.8,4.06,17.8
720,2005,Afghanistan,730.0,West Asia,Low,1.0,,21.9,11.6,6.83,16.1
721,2005,Albania,24.0,East Europe,Lower middle,2.0,99.8,178.0,40.2,1.75,29.2
722,2005,Algeria,100.0,North Africa,Lower middle,2.0,,96.2,72.1,2.5,24.1
723,2005,Angola,750.0,Sub-Saharan Africa,Lower middle,2.0,,36.4,74.5,6.47,16.3
724,2005,Argentina,70.0,South America,Upper middle,3.0,99.1,400.0,54.2,2.45,28.7
725,2005,Armenia,37.0,East Europe,Lower middle,2.0,97.8,77.7,30.4,1.4,31.8
726,2005,Australia,6.0,East Asia and Pacific,High,4.0,99.4,3140.0,66.9,1.86,36.6
727,2005,Austria,5.0,West Europe,High,4.0,98.6,3830.0,76.1,1.41,40.0
728,2005,Azerbaijan,36.0,East Europe,Lower middle,2.0,94.4,120.0,11.3,1.82,27.1
729,2005,Bahamas,40.0,North America,High,4.0,,1430.0,44.3,1.86,29.1
730,2005,Bahrain,16.0,West Asia,High,4.0,100.0,688.0,69.0,2.45,27.8
731,2005,Bangladesh,260.0,West Asia,Low,1.0,,,34.9,2.61,22.4
732,2005,Barbados,33.0,North America,Upper middle,3.0,100.0,774.0,64.4,1.76,35.2
733,2005,Belarus,21.0,East Europe,Lower middle,2.0,99.9,212.0,72.9,1.32,38.1
734,2005,Belgium,7.0,West Europe,High,4.0,,3620.0,75.9,1.76,40.3
735,2005,Belize,79.0,North America,Upper middle,3.0,89.3,176.0,59.7,3.07,20.2
736,2005,Benin,420.0,Sub-Saharan Africa,Low,1.0,75.0,27.0,49.7,5.63,17.6
737,2005,Bhutan,240.0,West Asia,Low,1.0,52.3,57.8,76.0,2.84,21.4
738,2005,Bolivia,270.0,South America,Lower middle,2.0,,58.3,66.2,3.6,21.6
739,2005,Bosnia and Herzegovina,10.0,East Europe,Lower middle,2.0,99.9,263.0,55.0,1.29,36.9
740,2005,Botswana,340.0,Sub-Saharan Africa,Upper middle,3.0,94.0,419.0,74.3,2.99,21.5
741,2005,Brazil,73.0,South America,Lower middle,2.0,98.6,388.0,40.1,1.98,27.0
742,2005,Brunei,25.0,East Asia and Pacific,High,4.0,99.7,691.0,84.2,1.85,26.8
743,2005,Bulgaria,14.0,East Europe,Lower middle,2.0,99.4,274.0,60.9,1.34,41.2
744,2005,Burkina Faso,500.0,Sub-Saharan Africa,Low,1.0,,26.4,59.5,6.27,16.6
745,2005,Burundi,910.0,Sub-Saharan Africa,Low,1.0,31.8,13.4,34.8,6.69,16.7
746,2005,Cambodia,320.0,East Asia and Pacific,Low,1.0,43.8,35.1,20.5,3.23,20.4
747,2005,Cameroon,690.0,Sub-Saharan Africa,Lower middle,2.0,,44.9,23.6,5.35,17.7
748,2005,Canada,11.0,North America,High,4.0,98.8,3450.0,70.2,1.57,38.6
749,2005,Cape Verde,63.0,Sub-Saharan Africa,Lower middle,2.0,77.5,97.9,77.3,3.13,19.7
750,2005,Central African Republic,1100.0,Sub-Saharan Africa,Low,1.0,,12.5,35.3,5.38,18.6
751,2005,Chad,1200.0,Sub-Saharan Africa,Low,1.0,,25.6,41.1,7.07,15.4
752,2005,Chile,26.0,South America,Upper middle,3.0,99.8,502.0,40.0,1.98,30.6
753,2005,China,50.0,East Asia and Pacific,Lower middle,2.0,97.5,80.4,38.8,1.57,32.7
754,2005,Colombia,97.0,South America,Lower middle,2.0,90.7,254.0,70.0,2.2,26.1
755,2005,Comoros,430.0,Sub-Saharan Africa,Low,1.0,,22.1,61.0,5.22,18.4
756,2005,"Congo, Dem. Rep.",930.0,Sub-Saharan Africa,Low,1.0,,7.33,30.0,6.71,17.0
757,2005,"Congo, Rep.",530.0,Sub-Saharan Africa,Lower middle,2.0,83.4,41.5,59.5,5.04,19.1
758,2005,Costa Rica,46.0,North America,Upper middle,3.0,98.5,360.0,70.3,2.07,27.4
759,2005,Cote d'Ivoire,750.0,Sub-Saharan Africa,Low,1.0,55.1,39.0,19.8,5.42,17.8
760,2005,Croatia,14.0,East Europe,Upper middle,3.0,99.9,705.0,86.0,1.38,40.5
761,2005,Cuba,67.0,North America,Lower middle,2.0,99.9,302.0,93.5,1.57,35.6
762,2005,Cyprus,13.0,West Europe,High,4.0,99.3,1410.0,41.8,1.52,32.9
763,2005,Czech Republic,7.0,East Europe,Upper middle,3.0,99.8,881.0,87.3,1.3,38.7
764,2005,Denmark,8.0,West Europe,High,4.0,98.8,4650.0,84.5,1.8,39.6
765,2005,Djibouti,310.0,North Africa,Lower middle,2.0,,63.2,68.4,3.87,20.1
766,2005,Dominican Republic,130.0,North America,Lower middle,2.0,,198.0,31.6,2.75,23.6
767,2005,Ecuador,98.0,South America,Lower middle,2.0,80.0,182.0,22.3,2.79,23.9
768,2005,Egypt,62.0,North Africa,Lower middle,2.0,74.2,65.9,40.6,3.02,22.6
769,2005,El Salvador,72.0,North America,Lower middle,2.0,87.2,202.0,52.6,2.53,23.0
770,2005,Equatorial Guinea,480.0,Sub-Saharan Africa,Upper middle,3.0,,230.0,58.8,5.56,20.6
771,2005,Eritrea,530.0,Sub-Saharan Africa,Low,1.0,,7.84,46.0,4.94,18.5
772,2005,Estonia,24.0,East Europe,Upper middle,3.0,99.6,517.0,77.0,1.54,39.4
773,2005,Ethiopia,740.0,Sub-Saharan Africa,Low,1.0,5.7,6.8,60.9,5.69,16.8
774,2005,Fiji,69.0,East Asia and Pacific,Lower middle,2.0,97.2,132.0,81.4,2.86,25.3
775,2005,Finland,9.0,East Europe,High,4.0,99.8,3150.0,75.4,1.8,40.9
776,2005,France,9.0,West Europe,High,4.0,97.9,3790.0,78.8,1.94,38.9
777,2005,Gabon,300.0,Sub-Saharan Africa,Upper middle,3.0,,164.0,42.3,4.23,20.2
778,2005,Gambia,510.0,Sub-Saharan Africa,Low,1.0,,18.9,55.0,5.84,16.8
779,2005,Georgia,48.0,East Europe,Lower middle,2.0,98.3,123.0,19.2,1.66,35.0
780,2005,Germany,7.0,West Europe,High,4.0,98.2,3630.0,76.6,1.35,42.1
781,2005,Ghana,470.0,Sub-Saharan Africa,Low,1.0,,34.8,66.3,4.49,19.3
782,2005,Greece,3.0,West Europe,High,4.0,,2090.0,60.1,1.4,39.3
783,2005,Grenada,25.0,North America,Upper middle,3.0,100.0,412.0,47.8,2.34,23.3
784,2005,Guatemala,140.0,North America,Lower middle,2.0,,136.0,33.8,3.97,18.5
785,2005,Guinea,800.0,Sub-Saharan Africa,Low,1.0,38.0,16.2,11.3,5.73,17.8
786,2005,Guinea-Bissau,760.0,Sub-Saharan Africa,Low,1.0,,23.5,15.9,5.39,17.8
787,2005,Guyana,240.0,South America,Lower middle,2.0,96.7,102.0,65.4,2.84,22.9
788,2005,Haiti,470.0,North America,Low,1.0,,19.6,21.3,3.76,20.3
789,2005,Honduras,130.0,North America,Lower middle,2.0,,82.7,64.8,3.45,19.5
790,2005,Hungary,13.0,East Europe,Upper middle,3.0,99.6,909.0,72.3,1.3,39.1
791,2005,Iceland,6.0,West Europe,High,4.0,,5320.0,81.7,2.07,34.3
792,2005,India,280.0,West Asia,Low,1.0,,30.6,23.9,2.97,23.8
793,2005,Indonesia,250.0,East Asia and Pacific,Lower middle,2.0,,30.1,38.1,2.51,25.5
794,2005,Iran,31.0,West Asia,Lower middle,2.0,97.3,156.0,44.2,1.83,24.1
795,2005,Iraq,77.0,West Asia,Lower middle,2.0,,61.9,67.3,4.56,18.7
796,2005,Ireland,2.0,West Europe,High,4.0,99.7,3690.0,77.0,1.98,33.3
797,2005,Israel,7.0,West Asia,High,4.0,,1490.0,60.5,2.91,28.7
798,2005,Italy,5.0,West Europe,High,4.0,99.8,2710.0,76.2,1.36,42.0
799,2005,Jamaica,85.0,North America,Lower middle,2.0,96.7,171.0,48.8,2.36,26.2
800,2005,Japan,7.0,East Asia and Pacific,High,4.0,99.8,2930.0,81.6,1.31,43.0
801,2005,Jordan,58.0,West Asia,Lower middle,2.0,,206.0,52.8,3.75,20.8
802,2005,Kazakhstan,50.0,West Asia,Lower middle,2.0,99.4,153.0,61.9,2.26,28.6
803,2005,Kenya,550.0,Sub-Saharan Africa,Low,1.0,,22.9,42.2,4.84,17.6
804,2005,Kuwait,6.0,West Asia,High,4.0,98.6,849.0,79.8,2.5,28.2
805,2005,Kyrgyz Republic,92.0,West Asia,Low,1.0,97.9,28.4,40.9,2.58,23.8
806,2005,Lao,410.0,East Asia and Pacific,Low,1.0,14.6,20.2,12.8,3.62,19.1
807,2005,Latvia,21.0,East Europe,Upper middle,3.0,100.0,441.0,57.1,1.4,39.5
808,2005,Lebanon,26.0,West Asia,Upper middle,3.0,,434.0,45.6,1.75,26.5
809,2005,Lesotho,670.0,Sub-Saharan Africa,Lower middle,2.0,,41.1,53.4,3.55,19.4
810,2005,Liberia,880.0,Sub-Saharan Africa,Low,1.0,,8.7,30.6,5.46,18.2
811,2005,Libya,17.0,North Africa,Upper middle,3.0,,223.0,61.8,2.49,24.0
812,2005,Lithuania,11.0,East Europe,Upper middle,3.0,100.0,446.0,67.8,1.32,38.5
813,2005,Luxembourg,17.0,West Europe,High,4.0,,6440.0,84.9,1.64,38.5
814,2005,"Macedonia, FYR",14.0,East Europe,Lower middle,2.0,99.1,238.0,61.8,1.53,34.0
815,2005,Madagascar,530.0,Sub-Saharan Africa,Low,1.0,,10.4,66.4,5.05,17.5
816,2005,Malawi,570.0,Sub-Saharan Africa,Low,1.0,,17.6,73.9,5.9,16.4
817,2005,Malaysia,36.0,East Asia and Pacific,Upper middle,3.0,98.1,188.0,52.0,2.29,25.0
818,2005,Maldives,57.0,West Asia,Lower middle,2.0,91.6,270.0,64.3,2.34,22.1
819,2005,Mali,710.0,Sub-Saharan Africa,Low,1.0,,25.0,46.5,6.79,16.5
820,2005,Malta,9.0,West Europe,High,4.0,99.7,1390.0,68.6,1.4,38.2
821,2005,Mauritania,400.0,Sub-Saharan Africa,Low,1.0,,29.7,62.7,5.18,18.7
822,2005,Mauritius,35.0,Sub-Saharan Africa,Upper middle,3.0,99.2,232.0,47.7,1.82,30.5
823,2005,Mexico,50.0,North America,Upper middle,3.0,,478.0,45.0,2.5,24.2
824,2005,"Micronesia, Fed. Sts.",120.0,East Asia and Pacific,Lower middle,2.0,82.7,277.0,93.4,3.82,19.5
825,2005,Moldova,25.0,East Europe,Lower middle,2.0,99.5,76.1,45.6,1.22,32.4
826,2005,Mongolia,89.0,East Asia and Pacific,Low,1.0,99.2,33.3,78.9,2.17,24.0
827,2005,Montenegro,8.0,East Europe,,,99.0,314.0,69.2,1.84,35.0
828,2005,Morocco,160.0,North Africa,Lower middle,2.0,,99.0,28.4,2.59,24.4
829,2005,Mozambique,680.0,Sub-Saharan Africa,Low,1.0,,18.3,74.5,5.74,17.1
830,2005,Myanmar,260.0,East Asia and Pacific,Low,1.0,,5.14,8.98,2.72,24.7
831,2005,Namibia,250.0,Sub-Saharan Africa,Lower middle,2.0,,256.0,48.9,3.67,19.6
832,2005,Nepal,310.0,West Asia,Low,1.0,,,31.4,3.29,20.0
833,2005,Netherlands,10.0,West Europe,High,4.0,,3850.0,60.5,1.71,39.0
834,2005,New Zealand,12.0,East Asia and Pacific,High,4.0,94.0,2290.0,79.7,2.05,35.5
835,2005,Nicaragua,120.0,North America,Lower middle,2.0,,71.2,56.5,2.68,21.2
836,2005,Niger,760.0,Sub-Saharan Africa,Low,1.0,,15.4,50.0,7.61,15.4
837,2005,Nigeria,740.0,Sub-Saharan Africa,Low,1.0,,53.0,29.2,5.99,18.0
838,2005,North Korea,110.0,East Asia and Pacific,Low,1.0,,,,2.0,31.5
839,2005,Norway,9.0,West Europe,High,4.0,99.2,5940.0,83.5,1.84,38.0
840,2005,Oman,16.0,West Asia,Upper middle,3.0,98.0,331.0,82.3,2.95,22.9
841,2005,Pakistan,230.0,West Asia,Low,1.0,31.0,18.8,25.6,4.07,20.2
842,2005,Palestine,59.0,West Asia,Lower middle,2.0,97.0,,,4.78,17.0
843,2005,Panama,83.0,North America,Upper middle,3.0,91.1,357.0,69.6,2.65,25.9
844,2005,Papua New Guinea,280.0,East Asia and Pacific,Low,1.0,,30.8,79.7,4.26,20.4
845,2005,Paraguay,130.0,South America,Lower middle,2.0,87.5,82.1,38.0,3.04,21.9
846,2005,Peru,120.0,South America,Lower middle,2.0,,129.0,59.4,2.68,24.3
847,2005,Philippines,130.0,East Asia and Pacific,Lower middle,2.0,,42.1,39.2,3.5,21.3
848,2005,Poland,5.0,West Europe,Upper middle,3.0,99.3,495.0,69.3,1.3,36.6
849,2005,Portugal,11.0,West Europe,High,4.0,,1880.0,67.1,1.42,39.5
850,2005,Qatar,8.0,West Asia,High,4.0,100.0,1690.0,81.3,2.57,31.0
851,2005,Romania,30.0,East Europe,Upper middle,3.0,98.1,252.0,80.8,1.38,37.0
852,2005,Russia,37.0,East Europe,Upper middle,3.0,99.4,277.0,62.0,1.29,37.3
853,2005,Rwanda,610.0,Sub-Saharan Africa,Low,1.0,38.6,18.3,56.4,5.14,18.3
854,2005,Samoa,73.0,East Asia and Pacific,Lower middle,2.0,,114.0,81.3,4.46,20.3
855,2005,Sao Tome and Principe,260.0,Sub-Saharan Africa,Low,1.0,,81.8,52.9,5.02,17.5
856,2005,Saudi Arabia,19.0,West Asia,High,4.0,96.0,465.0,72.8,3.42,23.7
857,2005,Senegal,420.0,Sub-Saharan Africa,Low,1.0,51.9,43.2,55.3,5.16,17.8
858,2005,Serbia,8.0,East Europe,,,99.7,307.0,66.0,1.64,37.3
859,2005,Sierra Leone,1600.0,Sub-Saharan Africa,Low,1.0,40.0,34.8,12.6,5.86,17.6
860,2005,Singapore,10.0,East Asia and Pacific,High,4.0,99.7,991.0,30.4,1.26,35.9
861,2005,Slovak Republic,6.0,East Europe,Upper middle,3.0,99.5,626.0,74.4,1.25,35.4
862,2005,Slovenia,15.0,East Europe,High,4.0,99.9,1500.0,72.2,1.31,40.0
863,2005,Solomon Islands,170.0,East Asia and Pacific,Low,1.0,,72.3,94.1,4.5,19.1
864,2005,Somalia,1100.0,Sub-Saharan Africa,Low,1.0,,,,7.31,16.1
865,2005,South Africa,160.0,Sub-Saharan Africa,Upper middle,3.0,,456.0,38.3,2.68,23.8
866,2005,South Korea,18.0,East Asia and Pacific,High,4.0,,994.0,52.9,1.17,34.8
867,2005,Spain,6.0,West Europe,High,4.0,,2160.0,70.6,1.35,39.1
868,2005,Sri Lanka,41.0,West Asia,Lower middle,2.0,,48.6,48.1,2.28,28.9
869,2005,St. Lucia,39.0,North America,Upper middle,3.0,100.0,311.0,52.6,1.68,26.2
870,2005,St. Vincent and the Grenadines,55.0,North America,Upper middle,3.0,100.0,185.0,80.8,2.17,26.3
871,2005,Sudan,460.0,Sub-Saharan Africa,Low,1.0,,28.4,34.4,5.14,18.1
872,2005,Suriname,110.0,South America,Lower middle,2.0,,243.0,51.2,2.67,25.9
873,2005,Swaziland,480.0,Sub-Saharan Africa,Lower middle,2.0,,134.0,61.4,3.87,18.0
874,2005,Sweden,4.0,West Europe,High,4.0,,3720.0,81.2,1.79,40.3
875,2005,Switzerland,8.0,West Europe,High,4.0,,5570.0,59.5,1.43,40.1
876,2005,Syria,58.0,West Asia,Lower middle,2.0,,62.6,50.5,3.56,19.7
877,2005,Tajikistan,59.0,West Asia,Low,1.0,82.4,17.3,23.6,3.5,19.8
878,2005,Tanzania,610.0,Sub-Saharan Africa,Low,1.0,45.1,14.6,47.0,5.64,17.2
879,2005,Thailand,34.0,East Asia and Pacific,Lower middle,2.0,,93.8,64.4,1.57,32.7
880,2005,Timor-Leste,500.0,East Asia and Pacific,Low,1.0,,52.8,74.6,6.79,15.4
881,2005,Togo,510.0,Sub-Saharan Africa,Low,1.0,,25.1,29.5,5.18,18.3
882,2005,Tonga,100.0,East Asia and Pacific,Lower middle,2.0,96.1,167.0,87.1,4.14,21.1
883,2005,Trinidad and Tobago,58.0,North America,Upper middle,3.0,,688.0,52.9,1.77,29.9
884,2005,Tunisia,55.0,North Africa,Lower middle,2.0,,181.0,51.5,1.99,27.2
885,2005,Turkey,27.0,East Europe,Upper middle,3.0,,382.0,67.8,2.27,26.6
886,2005,Turkmenistan,76.0,West Asia,Lower middle,2.0,99.7,116.0,63.3,2.65,23.0
887,2005,Uganda,510.0,Sub-Saharan Africa,Low,1.0,,28.7,25.3,6.58,15.1
888,2005,Ukraine,25.0,East Europe,Lower middle,2.0,99.8,118.0,59.5,1.25,39.1
889,2005,United Arab Emirates,8.0,West Asia,High,4.0,,1030.0,59.0,2.15,29.8
890,2005,United Kingdom,12.0,West Europe,High,4.0,,3120.0,81.9,1.76,38.7
891,2005,United States,17.0,North America,High,4.0,99.4,6700.0,44.1,2.06,36.1
892,2005,Uruguay,32.0,South America,Upper middle,3.0,99.9,432.0,50.7,2.16,32.6
893,2005,Uzbekistan,44.0,West Asia,Low,1.0,100.0,29.0,43.3,2.46,22.8
894,2005,Vanuatu,100.0,East Asia and Pacific,Lower middle,2.0,92.0,60.9,72.9,3.85,19.8
895,2005,Venezuela,94.0,South America,Upper middle,3.0,,296.0,43.3,2.63,24.4
896,2005,Vietnam,60.0,East Asia and Pacific,Low,1.0,,37.3,26.4,1.89,26.4
897,2005,Yemen,330.0,West Asia,Low,1.0,,42.2,33.9,5.43,16.8
898,2005,Zambia,430.0,Sub-Saharan Africa,Low,1.0,,43.8,54.9,5.79,16.4
899,2005,Zimbabwe,740.0,Sub-Saharan Africa,Low,1.0,,,,3.99,18.3
900,2010,Afghanistan,500.0,West Asia,Low,1.0,34.3,37.7,11.7,5.82,16.0
901,2010,Albania,21.0,East Europe,Upper middle,3.0,,241.0,39.0,1.65,32.3
902,2010,Algeria,92.0,North Africa,Upper middle,3.0,,178.0,77.9,2.89,26.0
903,2010,Angola,530.0,Sub-Saharan Africa,Lower middle,2.0,,123.0,82.5,6.16,16.3
904,2010,Argentina,76.0,South America,Upper middle,3.0,95.0,742.0,54.6,2.37,29.9
905,2010,Armenia,31.0,East Europe,Lower middle,2.0,99.5,134.0,40.6,1.55,32.9
906,2010,Australia,5.0,East Asia and Pacific,High,4.0,99.1,4780.0,68.0,1.93,36.9
907,2010,Austria,3.0,West Europe,High,4.0,98.5,4960.0,77.5,1.44,41.9
908,2010,Azerbaijan,27.0,East Europe,Upper middle,3.0,99.4,332.0,20.3,1.96,28.7
909,2010,Bahamas,38.0,North America,High,4.0,99.0,1740.0,45.6,1.87,30.9
910,2010,Bahrain,24.0,West Asia,High,4.0,99.3,864.0,73.3,2.14,30.1
911,2010,Bangladesh,200.0,West Asia,Low,1.0,26.5,,34.3,2.28,23.9
912,2010,Barbados,83.0,North America,High,4.0,,1000.0,65.0,1.78,37.0
913,2010,Belarus,2.0,East Europe,Upper middle,3.0,99.9,320.0,77.7,1.54,38.9
914,2010,Belgium,7.0,West Europe,High,4.0,,4620.0,74.7,1.81,40.9
915,2010,Belize,60.0,North America,Lower middle,2.0,94.0,239.0,62.7,2.72,21.9
916,2010,Benin,370.0,Sub-Saharan Africa,Low,1.0,,31.0,49.5,5.36,17.9
917,2010,Bhutan,140.0,West Asia,Lower middle,2.0,64.5,109.0,86.8,2.38,23.8
918,2010,Bolivia,230.0,South America,Lower middle,2.0,,96.5,62.8,3.2,22.8
919,2010,Bosnia and Herzegovina,9.0,East Europe,Upper middle,3.0,99.9,499.0,61.4,1.31,38.9
920,2010,Botswana,210.0,Sub-Saharan Africa,Upper middle,3.0,99.1,615.0,72.5,2.88,23.0
921,2010,Brazil,68.0,South America,Upper middle,3.0,98.9,990.0,47.0,1.81,29.0
922,2010,Brunei,27.0,East Asia and Pacific,High,4.0,99.8,882.0,84.9,1.84,27.5
923,2010,Bulgaria,8.0,East Europe,Upper middle,3.0,99.5,435.0,54.5,1.49,42.4
924,2010,Burkina Faso,440.0,Sub-Saharan Africa,Low,1.0,65.9,39.8,51.0,5.87,16.7
925,2010,Burundi,820.0,Sub-Saharan Africa,Low,1.0,60.3,20.7,38.2,6.26,17.6
926,2010,Cambodia,200.0,East Asia and Pacific,Low,1.0,71.0,45.2,37.2,2.88,22.7
927,2010,Cameroon,640.0,Sub-Saharan Africa,Lower middle,2.0,,61.3,29.6,5.11,18.0
928,2010,Canada,13.0,North America,High,4.0,98.5,5220.0,70.5,1.64,39.7
929,2010,Cape Verde,58.0,Sub-Saharan Africa,Lower middle,2.0,98.5,155.0,75.0,2.67,22.0
930,2010,Central African Republic,960.0,Sub-Saharan Africa,Low,1.0,40.0,18.2,35.4,5.22,18.5
931,2010,Chad,1100.0,Sub-Saharan Africa,Low,1.0,16.6,30.6,25.0,6.59,15.6
932,2010,Chile,24.0,South America,Upper middle,3.0,99.8,947.0,48.2,1.88,32.1
933,2010,China,36.0,East Asia and Pacific,Upper middle,3.0,99.6,221.0,53.6,1.59,35.2
934,2010,Colombia,85.0,South America,Upper middle,3.0,94.8,472.0,72.7,2.01,28.0
935,2010,Comoros,380.0,Sub-Saharan Africa,Low,1.0,,33.2,67.2,4.92,19.1
936,2010,"Congo, Dem. Rep.",810.0,Sub-Saharan Africa,Low,1.0,74.1,15.8,42.5,6.47,16.9
937,2010,"Congo, Rep.",450.0,Sub-Saharan Africa,Lower middle,2.0,,72.3,46.7,4.95,19.3
938,2010,Costa Rica,33.0,North America,Upper middle,3.0,95.3,811.0,68.1,1.92,29.2
939,2010,Cote d'Ivoire,750.0,Sub-Saharan Africa,Lower middle,2.0,,59.8,21.6,5.22,17.9
940,2010,Croatia,15.0,East Europe,High,4.0,99.9,1070.0,84.9,1.47,41.7
941,2010,Cuba,80.0,North America,Upper middle,3.0,99.9,607.0,91.5,1.64,38.5
942,2010,Cyprus,10.0,West Europe,High,4.0,98.6,1710.0,41.5,1.42,33.9
943,2010,Czech Republic,5.0,East Europe,High,4.0,99.7,1480.0,83.7,1.47,39.6
944,2010,Denmark,9.0,West Europe,High,4.0,98.5,6420.0,85.1,1.88,40.6
945,2010,Djibouti,250.0,North Africa,Lower middle,2.0,,91.7,65.3,3.3,21.9
946,2010,Dominican Republic,130.0,North America,Upper middle,3.0,96.9,323.0,43.4,2.6,24.8
947,2010,Ecuador,90.0,South America,Upper middle,3.0,89.2,328.0,37.2,2.66,25.2
948,2010,Egypt,50.0,North Africa,Lower middle,2.0,,123.0,37.4,3.19,23.9
949,2010,El Salvador,71.0,North America,Lower middle,2.0,98.0,237.0,61.7,2.27,24.2
950,2010,Equatorial Guinea,330.0,Sub-Saharan Africa,High,4.0,,896.0,75.9,5.21,21.6
951,2010,Eritrea,450.0,Sub-Saharan Africa,Low,1.0,34.1,11.9,48.2,4.61,18.9
952,2010,Estonia,6.0,East Europe,High,4.0,99.3,853.0,78.7,1.64,40.2
953,2010,Ethiopia,500.0,Sub-Saharan Africa,Low,1.0,,15.7,53.5,4.92,17.5
954,2010,Fiji,62.0,East Asia and Pacific,Lower middle,2.0,99.7,154.0,70.1,2.67,26.5
955,2010,Finland,6.0,East Europe,High,4.0,99.8,3980.0,75.0,1.87,42.0
956,2010,France,12.0,West Europe,High,4.0,97.5,4690.0,77.8,1.99,40.0
957,2010,Gabon,260.0,Sub-Saharan Africa,Upper middle,3.0,,302.0,52.9,4.08,21.5
958,2010,Gambia,460.0,Sub-Saharan Africa,Low,1.0,56.1,26.1,50.9,5.71,16.8
959,2010,Georgia,42.0,East Europe,Lower middle,2.0,99.6,272.0,23.6,1.92,36.6
960,2010,Germany,7.0,West Europe,High,4.0,98.3,4670.0,77.1,1.39,44.3
961,2010,Ghana,410.0,Sub-Saharan Africa,Lower middle,2.0,,67.0,59.5,4.27,19.9
962,2010,Greece,5.0,West Europe,High,4.0,,2730.0,59.4,1.41,41.0
963,2010,Grenada,23.0,North America,Upper middle,3.0,,439.0,45.0,2.24,25.0
964,2010,Guatemala,140.0,North America,Lower middle,2.0,52.3,197.0,34.9,3.38,19.7
965,2010,Guinea,690.0,Sub-Saharan Africa,Low,1.0,,23.0,11.3,5.34,18.1
966,2010,Guinea-Bissau,600.0,Sub-Saharan Africa,Low,1.0,43.0,46.9,10.0,5.05,18.4
967,2010,Guyana,230.0,South America,Lower middle,2.0,,159.0,85.4,2.66,24.3
968,2010,Haiti,420.0,North America,Low,1.0,,46.4,21.4,3.33,21.6
969,2010,Honduras,120.0,North America,Lower middle,2.0,,,,2.87,21.1
970,2010,Hungary,21.0,East Europe,High,4.0,99.1,942.0,69.4,1.33,40.1
971,2010,Iceland,5.0,West Europe,High,4.0,,3720.0,80.7,2.07,34.8
972,2010,India,220.0,West Asia,Lower middle,2.0,,54.3,29.2,2.6,25.1
973,2010,Indonesia,210.0,East Asia and Pacific,Lower middle,2.0,82.2,76.9,49.1,2.48,26.7
974,2010,Iran,25.0,West Asia,Upper middle,3.0,96.4,317.0,40.1,1.77,26.9
975,2010,Iraq,73.0,West Asia,Lower middle,2.0,,247.0,81.2,4.56,18.9
976,2010,Ireland,10.0,West Europe,High,4.0,99.8,4240.0,69.2,2.0,34.6
977,2010,Israel,5.0,West Asia,High,4.0,,2180.0,60.3,3.0,30.1
978,2010,Italy,4.0,West Europe,High,4.0,99.9,3250.0,77.6,1.43,43.8
979,2010,Jamaica,82.0,North America,Upper middle,3.0,,247.0,53.5,2.17,27.6
980,2010,Japan,6.0,East Asia and Pacific,High,4.0,99.8,4070.0,82.5,1.37,44.7
981,2010,Jordan,53.0,West Asia,Upper middle,3.0,,357.0,67.7,3.66,21.5
982,2010,Kazakhstan,40.0,West Asia,Upper middle,3.0,99.4,393.0,59.4,2.67,28.9
983,2010,Kenya,460.0,Sub-Saharan Africa,Low,1.0,,36.9,44.3,4.37,18.2
984,2010,Kuwait,13.0,West Asia,High,4.0,98.6,1220.0,80.4,2.22,29.5
985,2010,Kyrgyz Republic,79.0,West Asia,Low,1.0,98.3,53.5,56.2,2.98,24.0
986,2010,Lao,270.0,East Asia and Pacific,Lower middle,2.0,37.0,46.2,33.3,3.15,20.7
987,2010,Latvia,29.0,East Europe,Upper middle,3.0,98.8,718.0,61.1,1.51,40.8
988,2010,Lebanon,18.0,West Asia,Upper middle,3.0,,651.0,39.2,1.61,28.5
989,2010,Lesotho,540.0,Sub-Saharan Africa,Lower middle,2.0,,109.0,76.2,3.3,20.5
990,2010,Liberia,680.0,Sub-Saharan Africa,Low,1.0,,29.2,32.5,5.02,18.3
991,2010,Libya,15.0,North Africa,Upper middle,3.0,99.9,484.0,68.8,2.41,25.8
992,2010,Lithuania,9.0,East Europe,Upper middle,3.0,100.0,781.0,73.5,1.51,40.6
993,2010,Luxembourg,13.0,West Europe,High,4.0,,8180.0,84.4,1.58,38.9
994,2010,"Macedonia, FYR",7.0,East Europe,Upper middle,3.0,99.9,317.0,63.8,1.47,35.7
995,2010,Madagascar,480.0,Sub-Saharan Africa,Low,1.0,,15.9,60.3,4.6,18.0
996,2010,Malawi,540.0,Sub-Saharan Africa,Low,1.0,71.4,25.6,60.2,5.31,16.7
997,2010,Malaysia,31.0,East Asia and Pacific,Upper middle,3.0,98.6,368.0,55.5,2.15,26.0
998,2010,Maldives,38.0,West Asia,Upper middle,3.0,98.2,383.0,60.5,2.23,25.0
999,2010,Mali,600.0,Sub-Saharan Africa,Low,1.0,56.1,31.7,46.6,6.55,16.2
1000,2010,Malta,8.0,West Europe,High,4.0,99.8,1700.0,65.5,1.39,40.1
1001,2010,Mauritania,360.0,Sub-Saharan Africa,Lower middle,2.0,,42.7,53.1,4.98,19.2
1002,2010,Mauritius,72.0,Sub-Saharan Africa,Upper middle,3.0,99.5,449.0,41.7,1.58,32.9
1003,2010,Mexico,47.0,North America,Upper middle,3.0,94.1,,,2.34,25.9
1004,2010,"Micronesia, Fed. Sts.",100.0,East Asia and Pacific,Lower middle,2.0,,366.0,91.2,3.46,20.2
1005,2010,Moldova,41.0,East Europe,Lower middle,2.0,99.2,190.0,45.8,1.27,34.2
1006,2010,Mongolia,74.0,East Asia and Pacific,Lower middle,2.0,98.8,120.0,55.1,2.64,25.7
1007,2010,Montenegro,7.0,East Europe,Upper middle,3.0,,578.0,67.2,1.77,36.4
1008,2010,Morocco,130.0,North Africa,Lower middle,2.0,74.1,148.0,38.0,2.58,26.3
1009,2010,Mozambique,540.0,Sub-Saharan Africa,Low,1.0,,21.3,71.7,5.56,17.0
1010,2010,Myanmar,220.0,East Asia and Pacific,Low,1.0,70.6,17.1,12.2,2.41,26.3
1011,2010,Namibia,160.0,Sub-Saharan Africa,Upper middle,3.0,,361.0,58.4,3.61,19.9
1012,2010,Nepal,220.0,West Asia,Low,1.0,,,34.6,2.61,21.3
1013,2010,Netherlands,7.0,West Europe,High,4.0,,5590.0,79.2,1.8,40.8
1014,2010,New Zealand,12.0,East Asia and Pacific,High,4.0,96.2,3280.0,83.2,2.12,36.6
1015,2010,Nicaragua,110.0,North America,Lower middle,2.0,74.0,,,2.43,23.1
1016,2010,Niger,690.0,Sub-Saharan Africa,Low,1.0,,18.3,50.9,7.49,15.0
1017,2010,Nigeria,610.0,Sub-Saharan Africa,Lower middle,2.0,,62.8,37.9,5.84,17.9
1018,2010,North Korea,98.0,East Asia and Pacific,Low,1.0,,,,1.98,33.0
1019,2010,Norway,5.0,West Europe,High,4.0,99.1,8090.0,83.9,1.95,38.7
1020,2010,Oman,12.0,West Asia,High,4.0,98.6,574.0,80.1,2.9,26.2
1021,2010,Pakistan,190.0,West Asia,Lower middle,2.0,,21.8,38.5,3.86,21.4
1022,2010,Palestine,53.0,West Asia,Lower middle,2.0,99.0,,,4.42,18.2
1023,2010,Panama,82.0,North America,Upper middle,3.0,92.7,616.0,75.1,2.62,27.2
1024,2010,Papua New Guinea,240.0,East Asia and Pacific,Lower middle,2.0,,49.4,71.5,3.99,20.9
1025,2010,Paraguay,110.0,South America,Lower middle,2.0,95.6,163.0,36.4,2.73,23.3
1026,2010,Peru,100.0,South America,Upper middle,3.0,83.8,269.0,54.0,2.55,25.9
1027,2010,Philippines,120.0,East Asia and Pacific,Lower middle,2.0,,77.3,35.3,3.16,23.1
1028,2010,Poland,4.0,West Europe,High,4.0,99.8,917.0,72.6,1.37,38.1
1029,2010,Portugal,11.0,West Europe,High,4.0,,2370.0,68.2,1.33,41.6
1030,2010,Qatar,7.0,West Asia,High,4.0,100.0,1490.0,77.5,2.07,31.8
1031,2010,Romania,30.0,East Europe,Upper middle,3.0,99.5,428.0,78.1,1.47,39.4
1032,2010,Russia,31.0,East Europe,Upper middle,3.0,99.7,525.0,62.1,1.57,38.0
1033,2010,Rwanda,390.0,Sub-Saharan Africa,Low,1.0,69.0,55.5,50.1,4.52,19.1
1034,2010,Samoa,62.0,East Asia and Pacific,Lower middle,2.0,,204.0,87.7,4.34,20.8
1035,2010,Sao Tome and Principe,230.0,Sub-Saharan Africa,Lower middle,2.0,,90.0,38.3,4.79,17.8
1036,2010,Saudi Arabia,16.0,West Asia,High,4.0,97.0,680.0,62.9,2.96,25.9
1037,2010,Senegal,360.0,Sub-Saharan Africa,Lower middle,2.0,,58.5,55.5,5.06,18.1
1038,2010,Serbia,14.0,East Europe,Upper middle,3.0,99.7,546.0,61.9,1.58,38.8
1039,2010,Sierra Leone,1200.0,Sub-Saharan Africa,Low,1.0,60.8,42.5,11.3,5.2,17.8
1040,2010,Singapore,4.0,East Asia and Pacific,High,4.0,99.7,1730.0,36.3,1.26,37.3
1041,2010,Slovak Republic,7.0,East Europe,High,4.0,99.2,1410.0,65.8,1.36,37.3
1042,2010,Slovenia,8.0,East Europe,High,4.0,99.9,2150.0,73.7,1.52,41.5
1043,2010,Solomon Islands,140.0,East Asia and Pacific,Lower middle,2.0,,107.0,93.4,4.24,19.5
1044,2010,Somalia,930.0,Sub-Saharan Africa,Low,1.0,,,,6.87,16.1
1045,2010,South Africa,140.0,Sub-Saharan Africa,Upper middle,3.0,,649.0,44.1,2.59,24.8
1046,2010,South Korea,21.0,East Asia and Pacific,High,4.0,,1440.0,59.0,1.19,38.0
1047,2010,Spain,6.0,West Europe,High,4.0,,2880.0,72.8,1.37,40.6
1048,2010,Sri Lanka,32.0,West Asia,Lower middle,2.0,,70.0,44.8,2.2,30.4
1049,2010,St. Lucia,35.0,North America,Upper middle,3.0,98.5,465.0,60.5,1.54,30.3
1050,2010,St. Vincent and the Grenadines,47.0,North America,Upper middle,3.0,98.3,278.0,86.5,2.07,27.9
1051,2010,Sudan,390.0,Sub-Saharan Africa,Lower middle,2.0,72.5,83.9,29.8,4.88,18.3
1052,2010,Suriname,150.0,South America,Upper middle,3.0,90.0,492.0,47.8,2.52,27.2
1053,2010,Swaziland,350.0,Sub-Saharan Africa,Lower middle,2.0,82.0,203.0,63.7,3.53,19.2
1054,2010,Sweden,5.0,West Europe,High,4.0,,4710.0,81.1,1.99,40.7
1055,2010,Switzerland,8.0,West Europe,High,4.0,,7810.0,59.0,1.5,41.6
1056,2010,Syria,50.0,West Asia,Lower middle,2.0,,96.6,46.0,3.21,21.5
1057,2010,Tajikistan,48.0,West Asia,Low,1.0,87.7,49.1,26.7,3.51,21.3
1058,2010,Tanzania,460.0,Sub-Saharan Africa,Low,1.0,48.9,30.9,67.3,5.43,17.2
1059,2010,Thailand,28.0,East Asia and Pacific,Upper middle,3.0,,179.0,75.0,1.55,35.5
1060,2010,Timor-Leste,330.0,East Asia and Pacific,Lower middle,2.0,29.3,56.9,55.8,6.23,17.1
1061,2010,Togo,480.0,Sub-Saharan Africa,Low,1.0,43.9,40.6,44.2,4.87,18.6
1062,2010,Tonga,120.0,East Asia and Pacific,Lower middle,2.0,99.0,172.0,81.5,3.91,21.2
1063,2010,Trinidad and Tobago,82.0,North America,High,4.0,,861.0,59.9,1.81,31.9
1064,2010,Tunisia,48.0,North Africa,Upper middle,3.0,,238.0,54.3,2.14,29.2
1065,2010,Turkey,22.0,East Europe,Upper middle,3.0,,678.0,75.2,2.16,28.3
1066,2010,Turkmenistan,65.0,West Asia,Lower middle,2.0,,106.0,59.4,2.83,24.4
1067,2010,Uganda,410.0,Sub-Saharan Africa,Low,1.0,,46.7,21.7,6.15,15.3
1068,2010,Ukraine,29.0,East Europe,Lower middle,2.0,99.9,234.0,56.6,1.45,39.5
1069,2010,United Arab Emirates,8.0,West Asia,High,4.0,,1450.0,74.4,1.87,31.9
1070,2010,United Kingdom,11.0,West Europe,High,4.0,,3500.0,83.9,1.89,39.6
1071,2010,United States,27.0,North America,High,4.0,99.4,8360.0,53.1,1.93,36.9
1072,2010,Uruguay,23.0,South America,Upper middle,3.0,99.8,998.0,67.1,2.08,33.7
1073,2010,Uzbekistan,40.0,West Asia,Lower middle,2.0,100.0,82.4,47.5,2.44,24.5
1074,2010,Vanuatu,90.0,East Asia and Pacific,Lower middle,2.0,,157.0,90.6,3.5,21.2
1075,2010,Venezuela,110.0,South America,Upper middle,3.0,,663.0,34.9,2.47,25.8
1076,2010,Vietnam,51.0,East Asia and Pacific,Lower middle,2.0,,82.9,37.8,1.95,28.5
1077,2010,Yemen,290.0,West Asia,Lower middle,2.0,,63.2,24.2,4.67,18.0
1078,2010,Zambia,320.0,Sub-Saharan Africa,Lower middle,2.0,,72.9,60.3,5.4,16.5
1079,2010,Zimbabwe,610.0,Sub-Saharan Africa,Low,1.0,,,,4.03,18.6
1080,2013,Afghanistan,400.0,West Asia,Low,1.0,,,,5.17,
1081,2013,Albania,21.0,East Europe,Upper middle,3.0,,,,1.7,
1082,2013,Algeria,89.0,North Africa,Upper middle,3.0,96.6,,,2.92,
1083,2013,Angola,460.0,Sub-Saharan Africa,Upper middle,3.0,,,,5.92,
1084,2013,Argentina,69.0,South America,Upper middle,3.0,97.0,,,2.34,
1085,2013,Armenia,29.0,East Europe,Lower middle,2.0,100.0,,,1.71,
1086,2013,Australia,6.0,East Asia and Pacific,High,4.0,99.3,,,1.89,
1087,2013,Austria,4.0,West Europe,High,4.0,98.5,,,1.47,
1088,2013,Azerbaijan,26.0,East Europe,Upper middle,3.0,99.9,,,2.08,
1089,2013,Bahamas,37.0,North America,High,4.0,98.0,,,1.81,
1090,2013,Bahrain,22.0,West Asia,High,4.0,99.8,,,2.08,
1091,2013,Bangladesh,170.0,West Asia,Low,1.0,36.5,,,2.18,
1092,2013,Barbados,52.0,North America,High,4.0,98.6,,,1.79,
1093,2013,Belarus,1.0,East Europe,Upper middle,3.0,99.8,,,1.65,
1094,2013,Belgium,6.0,West Europe,High,4.0,,,,1.79,
1095,2013,Belize,45.0,North America,Upper middle,3.0,94.2,,,2.61,
1096,2013,Benin,340.0,Sub-Saharan Africa,Low,1.0,,,,5.18,
1097,2013,Bhutan,120.0,West Asia,Lower middle,2.0,,,,2.18,
1098,2013,Bolivia,200.0,South America,Lower middle,2.0,,,,3.02,
1099,2013,Bosnia and Herzegovina,8.0,East Europe,Upper middle,3.0,,,,1.32,
1100,2013,Botswana,170.0,Sub-Saharan Africa,Upper middle,3.0,99.9,,,2.84,
1101,2013,Brazil,69.0,South America,Upper middle,3.0,99.1,,,1.77,
1102,2013,Brunei,27.0,East Asia and Pacific,High,4.0,99.7,,,1.88,
1103,2013,Bulgaria,5.0,East Europe,Upper middle,3.0,99.7,,,1.52,
1104,2013,Burkina Faso,400.0,Sub-Saharan Africa,Low,1.0,,,,5.61,
1105,2013,Burundi,740.0,Sub-Saharan Africa,Low,1.0,,,,5.96,
1106,2013,Cambodia,170.0,East Asia and Pacific,Low,1.0,,,,2.68,
1107,2013,Cameroon,590.0,Sub-Saharan Africa,Lower middle,2.0,,,,4.92,
1108,2013,Canada,11.0,North America,High,4.0,,,,1.61,
1109,2013,Cape Verde,53.0,Sub-Saharan Africa,Lower middle,2.0,92.3,,,2.47,
1110,2013,Central African Republic,880.0,Sub-Saharan Africa,Low,1.0,,,,5.07,
1111,2013,Chad,980.0,Sub-Saharan Africa,Low,1.0,,,,6.26,
1112,2013,Chile,22.0,South America,High,4.0,99.8,,,1.82,
1113,2013,China,32.0,East Asia and Pacific,Upper middle,3.0,99.9,,,1.6,
1114,2013,Colombia,83.0,South America,Upper middle,3.0,98.7,,,1.92,
1115,2013,Comoros,350.0,Sub-Saharan Africa,Low,1.0,,,,4.64,
1116,2013,"Congo, Dem. Rep.",730.0,Sub-Saharan Africa,Low,1.0,,,,6.3,
1117,2013,"Congo, Rep.",410.0,Sub-Saharan Africa,Lower middle,2.0,,,,4.83,
1118,2013,Costa Rica,38.0,North America,Upper middle,3.0,99.0,,,1.84,
1119,2013,Cote d'Ivoire,720.0,Sub-Saharan Africa,Lower middle,2.0,,,,5.08,
1120,2013,Croatia,13.0,East Europe,High,4.0,99.9,,,1.49,
1121,2013,Cuba,80.0,North America,Upper middle,3.0,99.9,,,1.7,
1122,2013,Cyprus,10.0,West Europe,High,4.0,99.9,,,1.37,
1123,2013,Czech Republic,5.0,East Europe,High,4.0,99.8,,,1.5,
1124,2013,Denmark,5.0,West Europe,High,4.0,,,,1.88,
1125,2013,Djibouti,230.0,North Africa,Lower middle,2.0,,,,3.06,
1126,2013,Dominican Republic,100.0,North America,Upper middle,3.0,98.6,,,2.51,
1127,2013,Ecuador,87.0,South America,Upper middle,3.0,94.7,,,2.57,
1128,2013,Egypt,45.0,North Africa,Lower middle,2.0,,,,3.34,
1129,2013,El Salvador,69.0,North America,Lower middle,2.0,99.8,,,2.16,
1130,2013,Equatorial Guinea,290.0,Sub-Saharan Africa,High,4.0,,,,4.95,
1131,2013,Eritrea,380.0,Sub-Saharan Africa,Low,1.0,,,,4.36,
1132,2013,Estonia,11.0,East Europe,High,4.0,99.4,,,1.61,
1133,2013,Ethiopia,420.0,Sub-Saharan Africa,Low,1.0,23.1,,,4.56,
1134,2013,Fiji,59.0,East Asia and Pacific,Upper middle,3.0,98.8,,,2.59,
1135,2013,Finland,4.0,East Europe,High,4.0,,,,1.85,
1136,2013,France,12.0,West Europe,High,4.0,98.3,,,1.98,
1137,2013,Gabon,240.0,Sub-Saharan Africa,Upper middle,3.0,,,,3.96,
1138,2013,Gambia,430.0,Sub-Saharan Africa,Low,1.0,57.2,,,5.6,
1139,2013,Georgia,41.0,East Europe,Lower middle,2.0,99.9,,,2.0,
1140,2013,Germany,7.0,West Europe,High,4.0,98.5,,,1.43,
1141,2013,Ghana,380.0,Sub-Saharan Africa,Lower middle,2.0,,,,4.15,
1142,2013,Greece,5.0,West Europe,High,4.0,,,,1.35,
1143,2013,Grenada,23.0,North America,Upper middle,3.0,99.0,,,2.17,
1144,2013,Guatemala,140.0,North America,Lower middle,2.0,62.8,,,3.15,
1145,2013,Guinea,650.0,Sub-Saharan Africa,Low,1.0,,,,5.09,
1146,2013,Guinea-Bissau,560.0,Sub-Saharan Africa,Low,1.0,,,,4.86,
1147,2013,Guyana,250.0,South America,Lower middle,2.0,,,,2.58,
1148,2013,Haiti,380.0,North America,Low,1.0,48.6,,,3.1,
1149,2013,Honduras,120.0,North America,Lower middle,2.0,,,,2.62,
1150,2013,Hungary,14.0,East Europe,Upper middle,3.0,99.1,,,1.34,
1151,2013,Iceland,4.0,West Europe,High,4.0,,,,1.99,
1152,2013,India,190.0,West Asia,Lower middle,2.0,,,,2.43,
1153,2013,Indonesia,190.0,East Asia and Pacific,Lower middle,2.0,87.4,,,2.44,
1154,2013,Iran,23.0,West Asia,Upper middle,3.0,,,,1.73,
1155,2013,Iraq,67.0,West Asia,Upper middle,3.0,,,,4.52,
1156,2013,Ireland,9.0,West Europe,High,4.0,99.8,,,2.0,
1157,2013,Israel,2.0,West Asia,High,4.0,,,,3.03,
1158,2013,Italy,4.0,West Europe,High,4.0,99.9,,,1.44,
1159,2013,Jamaica,80.0,North America,Upper middle,3.0,,,,2.07,
1160,2013,Japan,6.0,East Asia and Pacific,High,4.0,,,,1.42,
1161,2013,Jordan,50.0,West Asia,Upper middle,3.0,,,,3.56,
1162,2013,Kazakhstan,26.0,West Asia,Upper middle,3.0,100.0,,,2.7,
1163,2013,Kenya,400.0,Sub-Saharan Africa,Low,1.0,,,,4.07,
1164,2013,Kuwait,14.0,West Asia,High,4.0,98.7,,,2.05,
1165,2013,Kyrgyz Republic,75.0,West Asia,Lower middle,2.0,99.0,,,3.09,
1166,2013,Lao,220.0,East Asia and Pacific,Lower middle,2.0,,,,2.9,
1167,2013,Latvia,13.0,East Europe,High,4.0,98.4,,,1.51,
1168,2013,Lebanon,16.0,West Asia,Upper middle,3.0,,,,1.7,
1169,2013,Lesotho,490.0,Sub-Saharan Africa,Lower middle,2.0,,,,3.22,
1170,2013,Liberia,640.0,Sub-Saharan Africa,Low,1.0,61.1,,,4.79,
1171,2013,Libya,15.0,North Africa,Upper middle,3.0,,,,2.37,
1172,2013,Lithuania,11.0,East Europe,High,4.0,100.0,,,1.6,
1173,2013,Luxembourg,11.0,West Europe,High,4.0,,,,1.55,
1174,2013,"Macedonia, FYR",7.0,East Europe,Upper middle,3.0,99.9,,,1.5,
1175,2013,Madagascar,440.0,Sub-Saharan Africa,Low,1.0,44.3,,,4.37,
1176,2013,Malawi,510.0,Sub-Saharan Africa,Low,1.0,,,,4.86,
1177,2013,Malaysia,29.0,East Asia and Pacific,Upper middle,3.0,98.8,,,2.09,
1178,2013,Maldives,31.0,West Asia,Upper middle,3.0,,,,2.19,
1179,2013,Mali,550.0,Sub-Saharan Africa,Low,1.0,58.6,,,6.32,
1180,2013,Malta,9.0,West Europe,High,4.0,99.9,,,1.42,
1181,2013,Mauritania,320.0,Sub-Saharan Africa,Lower middle,2.0,,,,4.85,
1182,2013,Mauritius,73.0,Sub-Saharan Africa,Upper middle,3.0,,,,1.48,
1183,2013,Mexico,49.0,North America,Upper middle,3.0,,,,2.27,
1184,2013,"Micronesia, Fed. Sts.",96.0,East Asia and Pacific,Lower middle,2.0,,,,3.29,
1185,2013,Moldova,21.0,East Europe,Lower middle,2.0,99.8,,,1.26,
1186,2013,Mongolia,68.0,East Asia and Pacific,Lower middle,2.0,98.9,,,2.81,
1187,2013,Montenegro,7.0,East Europe,Upper middle,3.0,99.0,,,1.71,
1188,2013,Morocco,120.0,North Africa,Lower middle,2.0,,,,2.57,
1189,2013,Mozambique,480.0,Sub-Saharan Africa,Low,1.0,,,,5.42,
1190,2013,Myanmar,200.0,East Asia and Pacific,Low,1.0,,,,2.29,
1191,2013,Namibia,130.0,Sub-Saharan Africa,Upper middle,3.0,88.2,,,3.56,
1192,2013,Nepal,190.0,West Asia,Low,1.0,,,,2.29,
1193,2013,Netherlands,6.0,West Europe,High,4.0,,,,1.77,
1194,2013,New Zealand,8.0,East Asia and Pacific,High,4.0,,,,2.05,
1195,2013,Nicaragua,100.0,North America,Lower middle,2.0,,,,2.3,
1196,2013,Niger,630.0,Sub-Saharan Africa,Low,1.0,,,,7.38,
1197,2013,Nigeria,560.0,Sub-Saharan Africa,Lower middle,2.0,35.2,,,5.71,
1198,2013,North Korea,87.0,East Asia and Pacific,Low,1.0,,,,1.95,
1199,2013,Norway,4.0,West Europe,High,4.0,99.1,,,1.91,
1200,2013,Oman,11.0,West Asia,High,4.0,98.6,,,2.85,
1201,2013,Pakistan,170.0,West Asia,Lower middle,2.0,52.1,,,3.68,
1202,2013,Palestine,47.0,West Asia,Lower middle,2.0,,,,4.21,
1203,2013,Panama,85.0,North America,Upper middle,3.0,91.4,,,2.59,
1204,2013,Papua New Guinea,220.0,East Asia and Pacific,Lower middle,2.0,,,,3.81,
1205,2013,Paraguay,110.0,South America,Lower middle,2.0,,,,2.58,
1206,2013,Peru,89.0,South America,Upper middle,3.0,89.1,,,2.48,
1207,2013,Philippines,120.0,East Asia and Pacific,Lower middle,2.0,72.8,,,3.03,
1208,2013,Poland,3.0,West Europe,High,4.0,99.8,,,1.33,
1209,2013,Portugal,8.0,West Europe,High,4.0,99.0,,,1.28,
1210,2013,Qatar,6.0,West Asia,High,4.0,,,,1.97,
1211,2013,Romania,33.0,East Europe,Upper middle,3.0,98.5,,,1.49,
1212,2013,Russia,24.0,East Europe,High,4.0,99.7,,,1.66,
1213,2013,Rwanda,320.0,Sub-Saharan Africa,Low,1.0,,,,4.16,
1214,2013,Samoa,58.0,East Asia and Pacific,Lower middle,2.0,,,,4.15,
1215,2013,Sao Tome and Principe,210.0,Sub-Saharan Africa,Lower middle,2.0,,,,4.64,
1216,2013,Saudi Arabia,16.0,West Asia,High,4.0,98.0,,,2.7,
1217,2013,Senegal,320.0,Sub-Saharan Africa,Lower middle,2.0,50.5,,,4.96,
1218,2013,Serbia,16.0,East Europe,Upper middle,3.0,99.9,,,1.59,
1219,2013,Sierra Leone,1100.0,Sub-Saharan Africa,Low,1.0,59.7,,,4.79,
1220,2013,Singapore,6.0,East Asia and Pacific,High,4.0,99.6,,,1.25,
1221,2013,Slovak Republic,7.0,East Europe,High,4.0,98.6,,,1.4,
1222,2013,Slovenia,7.0,East Europe,High,4.0,,,,1.58,
1223,2013,Solomon Islands,130.0,East Asia and Pacific,Lower middle,2.0,,,,4.03,
1224,2013,Somalia,850.0,Sub-Saharan Africa,Low,1.0,,,,6.56,
1225,2013,South Africa,140.0,Sub-Saharan Africa,Upper middle,3.0,,,,2.53,
1226,2013,South Korea,27.0,East Asia and Pacific,High,4.0,,,,1.24,
1227,2013,Spain,4.0,West Europe,High,4.0,,,,1.34,
1228,2013,Sri Lanka,29.0,West Asia,Lower middle,2.0,,,,2.11,
1229,2013,St. Lucia,34.0,North America,Upper middle,3.0,,,,1.5,
1230,2013,St. Vincent and the Grenadines,45.0,North America,Upper middle,3.0,99.0,,,2.0,
1231,2013,Sudan,360.0,Sub-Saharan Africa,Lower middle,2.0,,,,4.72,
1232,2013,Suriname,130.0,South America,Upper middle,3.0,,,,2.45,
1233,2013,Swaziland,310.0,Sub-Saharan Africa,Lower middle,2.0,,,,3.28,
1234,2013,Sweden,4.0,West Europe,High,4.0,,,,1.92,
1235,2013,Switzerland,6.0,West Europe,High,4.0,,,,1.53,
1236,2013,Syria,49.0,West Asia,Lower middle,2.0,,,,3.07,
1237,2013,Tajikistan,44.0,West Asia,Low,1.0,90.8,,,3.47,
1238,2013,Tanzania,410.0,Sub-Saharan Africa,Low,1.0,,,,5.22,
1239,2013,Thailand,26.0,East Asia and Pacific,Upper middle,3.0,,,,1.52,
1240,2013,Timor-Leste,270.0,East Asia and Pacific,Lower middle,2.0,,,,5.86,
1241,2013,Togo,450.0,Sub-Saharan Africa,Low,1.0,,,,4.66,
1242,2013,Tonga,120.0,East Asia and Pacific,Upper middle,3.0,,,,3.77,
1243,2013,Trinidad and Tobago,84.0,North America,High,4.0,100.0,,,1.79,
1244,2013,Tunisia,46.0,North Africa,Upper middle,3.0,,,,2.23,
1245,2013,Turkey,20.0,East Europe,Upper middle,3.0,97.4,,,2.11,
1246,2013,Turkmenistan,61.0,West Asia,Upper middle,3.0,,,,2.96,
1247,2013,Uganda,360.0,Sub-Saharan Africa,Low,1.0,,,,5.87,
1248,2013,Ukraine,23.0,East Europe,Lower middle,2.0,99.9,,,1.5,
1249,2013,United Arab Emirates,8.0,West Asia,High,4.0,,,,1.8,
1250,2013,United Kingdom,8.0,West Europe,High,4.0,,,,1.88,
1251,2013,United States,28.0,North America,High,4.0,99.2,,,1.96,
1252,2013,Uruguay,14.0,South America,High,4.0,98.2,,,2.03,
1253,2013,Uzbekistan,36.0,West Asia,Lower middle,2.0,100.0,,,2.37,
1254,2013,Vanuatu,86.0,East Asia and Pacific,Lower middle,2.0,89.4,,,3.38,
1255,2013,Venezuela,110.0,South America,Upper middle,3.0,,,,2.39,
1256,2013,Vietnam,49.0,East Asia and Pacific,Lower middle,2.0,,,,1.96,
1257,2013,Yemen,270.0,West Asia,Lower middle,2.0,44.7,,,4.33,
1258,2013,Zambia,280.0,Sub-Saharan Africa,Lower middle,2.0,,,,5.17,
1259,2013,Zimbabwe,470.0,Sub-Saharan Africa,Low,1.0,,,,3.96,
